passportArea,weight,firstName,middleName,lastName,currentTeamId,birthDate,height,role,birthArea,player_id,foot,shortName,currentNationalTeamId,player_name,matched_name,Player,Nation,Pos,Squad,Age,Born,90s,Cmp_Total_Passing,Att_Total_Passing,Cmp%_Total,TotDist,PrgDist,Cmp_Short_Passing,Att_Short_Passing,Cmp%_Short,Cmp_Medium_Passing,Att_Medium_Passing,Cmp%_Medium,Cmp_Long_Passing,Att_Long_Passing,Cmp%_Long,Ast,xAG,xA,A-xAG,KP,1/3,PPA,CrsPA,PrgP,Tkl_Tackles,Tkl,TklW_Defense,Def 3rd,Mid 3rd,Att 3rd,Tkl_Challenges,Att_Defense,Tkl%,Lost_Defense,Blocks_Defense,Sh,Pass,Int_Defense,Tkl+Int,Clr,Att_PassingTypes,Live,Dead,FK,TB,Sw,Crs_PassingTypes,TI,CK,In,Out,Str,Cmp_PassingTypes,Off_PassingTypes,Blocks_PassingTypes,CrdY,CrdR,2CrdY,Fls,Fld,Off_Misc,Crs_Misc,Int_Misc,TklW_Misc,PKwon,PKcon,OG,Recov,Won,Lost_Misc,Won%,League
"{'name': 'Netherlands', 'id': '528', 'alpha3code': 'NLD', 'alpha2code': 'NL'}",83,Jasper,,Cillessen,676,1989-04-22,185,"{'code2': 'GK', 'code3': 'GKP', 'name': 'Goalkeeper'}","{'name': 'Netherlands', 'id': '528', 'alpha3code': 'NLD', 'alpha2code': 'NL'}",33,right,J. Cillessen,664,Jasper Cillessen,Jasper Cillessen,Jasper Cillessen,nl NED,GK,Barcelona,28,1989,1.0,25,31,80.6,605,330,4,4,100.0,14,14,100.0,7,13,53.8,0,0.0,0.0,0.0,0,0,0,0,0,0,,0,0,0,0,0,0,0,0,0,0,0,0,0,Matches,31,21,10,0,0,0,0,0,0,0,0,0,25,0,0,0,0,0,0,0,0,0,0,0,0,0,0,1,0,0,,Spain
"{'name': 'Poland', 'id': '616', 'alpha3code': 'POL', 'alpha2code': 'PL'}",83,Przemys\u0142aw,,Tyto\u0144,677,1987-01-04,194,"{'code2': 'GK', 'code3': 'GKP', 'name': 'Goalkeeper'}","{'name': 'Poland', 'id': '616', 'alpha3code': 'POL', 'alpha2code': 'PL'}",99,right,P. Tyto\u0144,null,Przemysław Tytoń,Przemysław Tytoń,Przemysław Tytoń,pl POL,GK,La Coruña,30,1987,1.1,17,28,60.7,508,358,1,1,100.0,9,9,100.0,7,18,38.9,0,0.0,0.0,0.0,0,0,0,0,0,0,,0,0,0,0,0,0,0,0,0,0,0,0,0,Matches,28,13,15,5,0,0,0,0,0,0,0,0,17,0,0,0,0,0,0,0,0,0,0,0,0,0,0,0,0,0,,Spain
"{'name': 'Sweden', 'id': '752', 'alpha3code': 'SWE', 'alpha2code': 'SE'}",79,John,,Guidetti,696,1992-04-15,185,"{'code2': 'FW', 'code3': 'FWD', 'name': 'Forward'}","{'name': 'Sweden', 'id': '752', 'alpha3code': 'SWE', 'alpha2code': 'SE'}",151,right,J. Guidetti,7047,John Guidetti,John Guidetti,John Guidetti,se SWE,FW,Alavés,25,1992,13.6,230,367,62.7,3143,861,143,206,69.4,59,87,67.8,12,27,44.4,3,1.7,1.6,1.3,13,29,5,0,35,7,20.0,3,1,3,2,10,8,10,1,9,2,9,7,0,Matches,367,358,4,0,3,3,14,1,1,1,0,0,230,5,13,3,0,0,31,16,10,14,2,7,0,1,0,38,30,46,39.5,Spain
"{'name': 'Sweden', 'id': '752', 'alpha3code': 'SWE', 'alpha2code': 'SE'}",79,John,,Guidetti,696,1992-04-15,185,"{'code2': 'FW', 'code3': 'FWD', 'name': 'Forward'}","{'name': 'Sweden', 'id': '752', 'alpha3code': 'SWE', 'alpha2code': 'SE'}",151,right,J. Guidetti,7047,John Guidetti,John Guidetti,John Guidetti,se SWE,"FW,MF",Celta Vigo,25,1992,1.3,28,38,73.7,373,114,17,22,77.3,6,8,75.0,1,2,50.0,0,0.5,0.2,-0.5,2,3,0,0,4,0,,0,0,0,0,0,0,0,0,0,0,0,0,0,Matches,38,38,0,0,1,0,0,0,0,0,0,0,28,0,2,0,0,0,2,0,1,0,0,0,0,0,0,6,1,1,50.0,Spain
"{'name': 'Morocco', 'id': '504', 'alpha3code': 'MAR', 'alpha2code': 'MA'}",77,Nordin,,Amrabat,16470,1987-03-31,178,"{'code2': 'FW', 'code3': 'FWD', 'name': 'Forward'}","{'name': 'Netherlands', 'id': '528', 'alpha3code': 'NLD', 'alpha2code': 'NL'}",32968,right,N. Amrabat,16216,Nordin Amrabat,Nordin Amrabat,Nordin Amrabat,ma MAR,"FW,MF",Leganés,30,1987,18.0,296,481,61.5,4395,981,173,215,80.5,95,151,62.9,16,49,32.7,4,3.2,2.1,0.8,23,20,17,5,50,19,29.4,5,10,4,5,17,12,13,0,13,5,24,2,0,Matches,481,450,24,0,5,3,61,13,2,1,0,0,296,7,23,6,1,1,54,36,25,61,5,10,0,1,0,76,12,23,34.3,Spain
"{'name': 'Slovakia', 'id': '703', 'alpha3code': 'SVK', 'alpha2code': 'SK'}",75,R\u00f3bert,,Maz\u00e1\u0148,692,1994-02-09,180,"{'code2': 'DF', 'code3': 'DEF', 'name': 'Defender'}","{'name': 'Slovakia', 'id': '703', 'alpha3code': 'SVK', 'alpha2code': 'SK'}",786,left,R. Maz\u00e1\u0148,14496,Róbert Mazáň,Róbert Mazáň,Róbert Mazáň,sk SVK,DF,Celta Vigo,23,1994,0.9,74,84,88.1,1274,436,32,35,91.4,38,41,92.7,4,6,66.7,0,0.0,0.1,0.0,1,5,2,2,10,0,0.0,0,0,0,0,1,1,1,0,1,2,2,0,0,Matches,84,75,9,2,0,1,3,7,0,0,0,0,74,0,1,0,0,0,2,0,0,3,2,0,0,0,0,5,1,0,100.0,Spain
"{'name': 'Morocco', 'id': '504', 'alpha3code': 'MAR', 'alpha2code': 'MA'}",80,Oussama,,Tannane,3782,1994-03-23,177,"{'code2': 'FW', 'code3': 'FWD', 'name': 'Forward'}","{'name': 'Netherlands', 'id': '528', 'alpha3code': 'NLD', 'alpha2code': 'NL'}",1751,left,O. Tannane,null,Oussama Tannane,Oussama Tannane,Oussama Tannane,ma MAR,FW,Las Palmas,23,1994,6.4,183,251,72.9,2774,724,106,124,85.5,59,78,75.6,13,29,44.8,0,1.0,0.6,-1.0,8,11,5,1,17,15,58.3,6,8,1,7,12,5,5,0,5,5,20,0,0,Matches,251,215,33,4,2,1,21,8,21,12,0,0,183,3,8,1,0,0,15,17,1,21,5,13,0,0,0,24,1,3,25.0,Spain
"{'name': 'Martinique', 'id': '474', 'alpha3code': 'MTQ', 'alpha2code': 'MQ'}",81,Rapha\u00ebl,,Varane,675,1993-04-25,191,"{'code2': 'DF', 'code3': 'DEF', 'name': 'Defender'}","{'name': 'France', 'id': '250', 'alpha3code': 'FRA', 'alpha2code': 'FR'}",3309,right,R. Varane,4418,Raphaël Varane,Raphaël Varane,Raphaël Varane,fr FRA,DF,Real Madrid,24,1993,25.8,1211,1339,90.4,24144,8452,434,460,94.3,591,635,93.1,169,214,79.0,1,0.5,0.2,0.5,6,86,2,0,66,28,53.3,20,7,1,8,15,7,27,10,17,33,61,109,2,Matches,1339,1280,54,51,0,25,1,3,0,0,0,0,1211,5,4,3,0,0,19,12,0,1,33,19,0,0,0,143,49,27,64.5,Spain
"{'name': 'Algeria', 'id': '12', 'alpha3code': 'DZA', 'alpha2code': 'DZ'}",81,Karim,,Benzema,675,1987-12-19,185,"{'code2': 'FW', 'code3': 'FWD', 'name': 'Forward'}","{'name': 'France', 'id': '250', 'alpha3code': 'FRA', 'alpha2code': 'FR'}",3321,right,K. Benzema,null,Karim Benzema,Karim Benzema,Karim Benzema,fr FRA,FW,Real Madrid,29,1987,23.9,723,881,82.1,9638,1966,473,541,87.4,159,194,82.0,46,54,85.2,10,6.8,5.3,3.2,44,59,30,1,98,14,15.0,2,6,6,3,20,17,18,0,18,8,22,19,0,Matches,881,832,42,2,8,10,6,0,1,0,0,0,723,7,25,0,0,0,19,11,15,6,8,8,1,0,0,43,9,28,24.3,Spain
"{'name': 'France', 'id': '250', 'alpha3code': 'FRA', 'alpha2code': 'FR'}",81,Cl\u00e9ment,,Lenglet,680,1995-06-17,186,"{'code2': 'DF', 'code3': 'DEF', 'name': 'Defender'}","{'name': 'France', 'id': '250', 'alpha3code': 'FRA', 'alpha2code': 'FR'}",134503,left,C. Lenglet,null,Clément Lenglet,Clément Lenglet,Clément Lenglet,fr FRA,DF,Sevilla,22,1995,33.3,1441,1727,83.4,27507,12150,550,604,91.1,685,751,91.2,179,316,56.6,1,0.7,0.5,0.3,5,67,3,0,76,67,55.3,32,35,0,21,38,17,44,27,17,35,102,157,1,Matches,1727,1663,55,52,2,12,1,3,0,0,0,0,1441,9,15,9,0,0,52,24,1,1,35,50,0,0,0,164,70,41,63.1,Spain
"{'name': 'Croatia', 'id': '191', 'alpha3code': 'HRV', 'alpha2code': 'HR'}",78,Ivan,,Rakiti\u0107,676,1988-03-10,184,"{'code2': 'MD', 'code3': 'MID', 'name': 'Midfielder'}","{'name': 'Switzerland', 'id': '756', 'alpha3code': 'CHE', 'alpha2code': 'CH'}",3476,right,I. Rakiti\u0107,9598,Ivan Rakitić,Ivan Rakitić,Ivan Rakitić,hr CRO,MF,Barcelona,29,1988,31.5,2282,2575,88.6,38020,11750,1127,1202,93.8,827,905,91.4,238,325,73.2,5,3.9,4.8,1.1,29,241,28,2,250,52,33.3,16,30,6,15,45,30,42,7,35,44,96,16,0,Matches,2575,2460,104,40,11,19,54,15,49,17,19,0,2282,11,22,4,0,0,33,46,3,54,44,31,0,0,0,232,24,24,50.0,Spain
"{'name': 'Spain', 'id': '724', 'alpha3code': 'ESP', 'alpha2code': 'ES'}",75,Tom\u00e1s,,Pina Isla,696,1987-10-14,185,"{'code2': 'MD', 'code3': 'MID', 'name': 'Midfielder'}","{'name': 'Spain', 'id': '724', 'alpha3code': 'ESP', 'alpha2code': 'ES'}",3650,right,Tom\u00e1s Pina,null,Tomás Pina Isla,Tomás Pina Isla,Tomás Pina Isla,es ESP,MF,Alavés,29,1987,26.5,795,980,81.1,13329,4426,391,465,84.1,302,359,84.1,75,109,68.8,0,1.3,0.9,-1.3,10,108,4,0,122,71,50.0,27,38,6,20,40,20,28,10,18,43,114,37,0,Matches,980,959,17,16,2,9,6,1,0,0,0,0,795,4,7,7,0,0,72,29,1,6,43,49,0,0,0,200,44,61,41.9,Spain
"{'name': 'France', 'id': '250', 'alpha3code': 'FRA', 'alpha2code': 'FR'}",71,Antoine,,Griezmann,679,1991-03-21,175,"{'code2': 'FW', 'code3': 'FWD', 'name': 'Forward'}","{'name': 'France', 'id': '250', 'alpha3code': 'FRA', 'alpha2code': 'FR'}",3682,left,A. Griezmann,4418,Antoine Griezmann,Antoine Griezmann,Antoine Griezmann,fr FRA,"FW,MF",Atlético Madrid,26,1991,28.0,809,1080,74.9,12542,3324,436,539,80.9,253,314,80.6,70,116,60.3,9,6.8,4.7,2.2,44,69,44,1,125,36,33.3,6,23,7,10,30,20,20,1,19,10,46,14,0,Matches,1080,1017,55,17,13,16,41,3,18,4,11,0,809,8,32,7,1,0,24,44,26,41,10,24,1,0,0,120,25,60,29.4,Spain
"{'name': 'France', 'id': '250', 'alpha3code': 'FRA', 'alpha2code': 'FR'}",77,Papakouli,,Diop,701,1986-03-19,179,"{'code2': 'MD', 'code3': 'MID', 'name': 'Midfielder'}","{'name': 'Senegal', 'id': '686', 'alpha3code': 'SEN', 'alpha2code': 'SN'}",3704,right,P. Diop,null,Papakouli Diop,Papakouli Diop,Papakouli Diop,sn SEN,MF,Eibar,31,1986,10.4,340,449,75.7,6280,1795,130,162,80.2,158,192,82.3,43,74,58.1,0,0.2,0.5,-0.2,4,52,7,2,65,26,42.3,6,16,4,11,26,15,3,0,3,13,39,10,0,Matches,449,433,16,14,1,4,5,2,0,0,0,0,340,0,3,5,0,0,25,21,0,5,13,20,0,0,0,69,29,29,50.0,Spain
"{'name': 'France', 'id': '250', 'alpha3code': 'FRA', 'alpha2code': 'FR'}",77,Papakouli,,Diop,701,1986-03-19,179,"{'code2': 'MD', 'code3': 'MID', 'name': 'Midfielder'}","{'name': 'Senegal', 'id': '686', 'alpha3code': 'SEN', 'alpha2code': 'SN'}",3704,right,P. Diop,null,Papakouli Diop,Papakouli Diop,Papakouli Diop,sn SEN,MF,Espanyol,31,1986,2.9,63,80,78.8,1074,300,27,32,84.4,28,33,84.8,5,10,50.0,0,0.0,0.0,0.0,2,13,0,0,9,5,0.0,1,3,1,0,3,3,5,2,3,6,11,6,0,Matches,80,79,1,1,0,1,0,0,0,0,0,0,63,0,1,2,0,0,11,5,0,0,6,3,0,0,0,18,4,3,57.1,Spain
"{'name': 'Serbia', 'id': '688', 'alpha3code': 'SRB', 'alpha2code': 'RS'}",75,Nemanja,,Maksimovi\u0107,674,1995-01-26,184,"{'code2': 'MD', 'code3': 'MID', 'name': 'Midfielder'}","{'name': 'Serbia', 'id': '688', 'alpha3code': 'SRB', 'alpha2code': 'RS'}",265864,right,N. Maksimovi\u0107,null,Nemanja Maksimović,Nemanja Maksimović,Nemanja Maksimović,rs SRB,MF,Valencia,22,1995,6.2,216,258,83.7,3422,753,113,129,87.6,80,93,86.0,17,27,63.0,0,0.4,0.2,-0.4,9,11,7,1,22,21,50.0,10,8,3,8,16,8,15,6,9,16,37,8,0,Matches,258,255,2,2,0,2,5,0,0,0,0,0,216,1,1,1,0,0,5,2,0,5,16,13,0,0,0,29,13,17,43.3,Spain
"{'name': 'Spain', 'id': '724', 'alpha3code': 'ESP', 'alpha2code': 'ES'}",78,Zouhair,,Feddal,684,1989-12-23,190,"{'code2': 'DF', 'code3': 'DEF', 'name': 'Defender'}","{'name': 'Morocco', 'id': '504', 'alpha3code': 'MAR', 'alpha2code': 'MA'}",3791,left,Z. Feddal,null,Zouhair Feddal,Zouhair Feddal,Zouhair Feddal,ma MAR,DF,Betis,28,1989,14.0,668,825,81.0,14299,4829,218,240,90.8,314,353,89.0,128,211,60.7,0,0.1,0.2,-0.1,1,64,1,1,66,22,58.3,14,6,2,7,12,5,17,13,4,36,58,95,2,Matches,825,780,42,35,0,25,3,7,0,0,0,0,668,3,5,7,0,0,20,16,1,3,36,14,0,0,1,73,27,17,61.4,Spain
"{'name': 'Slovakia', 'id': '703', 'alpha3code': 'SVK', 'alpha2code': 'SK'}",64,Stanislav,,Lobotka,692,1994-11-22,170,"{'code2': 'MD', 'code3': 'MID', 'name': 'Midfielder'}","{'name': 'Slovakia', 'id': '703', 'alpha3code': 'SVK', 'alpha2code': 'SK'}",167641,right,S. Lobotka,14496,Stanislav Lobotka,Stanislav Lobotka,Stanislav Lobotka,sk SVK,MF,Celta Vigo,22,1994,34.0,1888,2087,90.5,33434,10037,854,926,92.2,772,838,92.1,217,244,88.9,0,0.6,1.1,-0.6,10,188,12,2,205,64,35.4,24,35,5,23,65,42,25,9,16,39,103,22,0,Matches,2087,2029,54,49,2,18,10,4,0,0,0,0,1888,4,14,2,0,0,42,47,0,10,39,45,0,1,0,289,26,33,44.1,Spain
"{'name': 'Croatia', 'id': '191', 'alpha3code': 'HRV', 'alpha2code': 'HR'}",77,Mateo,,Kova\u010di\u0107,1610,1994-05-06,178,"{'code2': 'MD', 'code3': 'MID', 'name': 'Midfielder'}","{'name': 'Austria', 'id': '40', 'alpha3code': 'AUT', 'alpha2code': 'AT'}",69404,right,M. Kova\u010di\u0107,9598,Mateo Kovačić,Mateo Kovačić,Mateo Kovačić,hr CRO,MF,Real Madrid,23,1994,11.0,742,797,93.1,12983,3579,319,336,94.9,334,348,96.0,72,83,86.7,1,0.4,0.6,0.6,10,75,6,0,81,37,29.6,19,18,0,8,27,19,9,4,5,5,42,5,0,Matches,797,777,19,16,1,5,4,1,1,0,0,0,742,1,6,2,0,0,10,20,0,4,5,27,1,0,0,79,1,7,12.5,Spain
"{'name': 'Croatia', 'id': '191', 'alpha3code': 'HRV', 'alpha2code': 'HR'}",76,\u0160ime,,Vrsaljko,3161,1992-01-10,181,"{'code2': 'DF', 'code3': 'DEF', 'name': 'Defender'}","{'name': 'Croatia', 'id': '191', 'alpha3code': 'HRV', 'alpha2code': 'HR'}",69409,right,\u0160. Vrsaljko,9598,Šime Vrsaljko,Šime Vrsaljko,Šime Vrsaljko,hr CRO,DF,Atlético Madrid,25,1992,18.8,608,891,68.2,9404,3391,335,406,82.5,221,318,69.5,36,110,32.7,4,2.4,1.9,1.6,13,29,16,9,48,48,65.0,25,17,6,26,40,14,24,8,16,36,84,63,0,Matches,891,700,187,6,0,4,81,178,3,1,1,1,608,4,29,7,0,0,30,12,3,81,36,30,0,0,0,68,44,21,67.7,Spain
"{'name': 'Spain', 'id': '724', 'alpha3code': 'ESP', 'alpha2code': 'ES'}",72,Pedro,,L\u00f3pez Mu\u00f1oz,695,1983-11-01,174,"{'code2': 'DF', 'code3': 'DEF', 'name': 'Defender'}","{'name': 'Spain', 'id': '724', 'alpha3code': 'ESP', 'alpha2code': 'ES'}",3920,right,Pedro L\u00f3pez,null,Pedro López Muñoz,Pedro López Muñoz,Pedro López Muñoz,es ESP,DF,Levante,33,1983,17.7,612,830,73.7,9652,4361,323,365,88.5,234,316,74.1,45,113,39.8,0,0.3,0.6,-0.3,7,40,11,7,56,33,56.7,21,10,2,17,30,13,22,7,15,26,59,45,0,Matches,830,614,215,15,0,3,53,200,0,0,0,0,612,1,21,4,0,0,19,29,4,53,26,23,0,0,0,89,8,23,25.8,Spain
"{'name': 'Morocco', 'id': '504', 'alpha3code': 'MAR', 'alpha2code': 'MA'}",66,Nabil,,El Zhar,712,1986-08-27,171,"{'code2': 'MD', 'code3': 'MID', 'name': 'Midfielder'}","{'name': 'France', 'id': '250', 'alpha3code': 'FRA', 'alpha2code': 'FR'}",3934,right,N. El Zhar,null,Nabil El Zhar,Nabil El Zhar,Nabil El Zhar,ma MAR,"FW,MF",Leganés,30,1986,22.0,469,644,72.8,7069,2171,280,337,83.1,130,181,71.8,40,73,54.8,2,2.3,2.8,-0.3,25,55,22,10,97,11,16.7,4,6,1,3,18,15,14,1,13,18,29,3,0,Matches,644,619,22,5,0,6,70,5,12,2,10,0,469,3,23,2,0,0,30,35,5,70,18,6,0,0,0,118,13,30,30.2,Spain
"{'name': 'Algeria', 'id': '12', 'alpha3code': 'DZA', 'alpha2code': 'DZ'}",70,Mehdi,,Lacen,683,1984-03-15,176,"{'code2': 'MD', 'code3': 'MID', 'name': 'Midfielder'}","{'name': 'France', 'id': '250', 'alpha3code': 'FRA', 'alpha2code': 'FR'}",4009,left,M. Lacen,null,Mehdi Lacen,Mehdi Lacen,Mehdi Lacen,dz ALG,MF,Getafe,33,1984,0.7,22,27,81.5,297,133,13,13,100.0,8,10,80.0,0,2,0.0,0,0.0,0.0,0.0,0,4,0,0,4,3,,2,1,0,0,0,0,1,0,1,0,3,1,0,Matches,27,25,1,0,0,0,1,1,0,0,0,0,22,1,0,1,0,0,2,0,0,1,0,1,0,0,0,5,0,0,,Spain
"{'name': 'Algeria', 'id': '12', 'alpha3code': 'DZA', 'alpha2code': 'DZ'}",70,Mehdi,,Lacen,683,1984-03-15,176,"{'code2': 'MD', 'code3': 'MID', 'name': 'Midfielder'}","{'name': 'France', 'id': '250', 'alpha3code': 'FRA', 'alpha2code': 'FR'}",4009,left,M. Lacen,null,Mehdi Lacen,Mehdi Lacen,Mehdi Lacen,dz ALG,MF,Málaga,33,1984,11.7,408,486,84.0,7737,1986,179,204,87.7,158,176,89.8,61,75,81.3,0,0.4,0.4,-0.4,5,31,3,2,54,35,36.8,18,17,0,14,38,24,13,1,12,15,50,11,0,Matches,486,473,12,12,0,14,7,0,0,0,0,0,408,1,12,2,0,0,18,11,0,7,15,19,0,0,0,78,17,13,56.7,Spain
"{'name': 'Spain', 'id': '724', 'alpha3code': 'ESP', 'alpha2code': 'ES'}",74,Denis,,Cheryshev,674,1990-12-26,179,"{'code2': 'MD', 'code3': 'MID', 'name': 'Midfielder'}","{'name': 'Russia', 'id': '643', 'alpha3code': 'RUS', 'alpha2code': 'RU'}",4513,left,D. Cheryshev,14358,Denis Cheryshev,Denis Cheryshev,Denis Cheryshev,ru RUS,"MF,FW",Villarreal,26,1990,10.3,224,334,67.1,3582,1127,120,149,80.5,83,126,65.9,15,32,46.9,1,3.5,1.5,-2.5,17,21,15,6,38,27,26.1,12,10,5,6,23,17,18,1,17,13,40,10,0,Matches,334,324,5,1,1,2,27,2,1,0,0,0,224,5,10,2,0,0,21,14,5,27,13,16,1,0,0,50,12,16,42.9,Spain
"{'name': 'Slovenia', 'id': '705', 'alpha3code': 'SVN', 'alpha2code': 'SI'}",84,Jan,,Oblak,679,1993-01-07,189,"{'code2': 'GK', 'code3': 'GKP', 'name': 'Goalkeeper'}","{'name': 'Slovenia', 'id': '705', 'alpha3code': 'SVN', 'alpha2code': 'SI'}",70273,right,J. Oblak,12046,Jan Oblak,Jan Oblak,Jan Oblak,si SVN,GK,Atlético Madrid,24,1993,37.0,505,911,55.4,17911,14751,49,49,100.0,186,190,97.9,270,668,40.4,0,0.0,0.0,0.0,2,11,0,0,0,0,,0,0,0,0,0,0,0,0,0,2,2,7,0,Matches,911,541,366,91,0,0,0,0,0,0,0,0,505,4,0,1,0,0,2,3,0,0,2,0,0,1,0,36,4,1,80.0,Spain
"{'name': 'Kenya', 'id': '404', 'alpha3code': 'KEN', 'alpha2code': 'KE'}",80,Michael,,Olunga,756,1994-03-26,188,"{'code2': 'FW', 'code3': 'FWD', 'name': 'Forward'}","{'name': 'Kenya', 'id': '404', 'alpha3code': 'KEN', 'alpha2code': 'KE'}",266885,left,M. Olunga,18402,Michael Olunga,Michael Olunga,Michael Olunga,ke KEN,"FW,MF",Girona,23,1994,4.8,76,112,67.9,996,120,43,63,68.3,25,30,83.3,1,3,33.3,1,0.5,0.5,0.5,6,6,1,0,7,6,33.3,1,3,2,1,3,2,5,0,5,3,9,5,0,Matches,112,102,10,0,0,0,3,0,0,0,0,0,76,0,3,0,0,0,12,2,7,3,3,5,0,0,0,20,20,23,46.5,Spain
"{'name': 'Belgium', 'id': '56', 'alpha3code': 'BEL', 'alpha2code': 'BE'}",63,Maxime,,Lestienne,683,1992-06-17,176,"{'code2': 'MD', 'code3': 'MID', 'name': 'Midfielder'}","{'name': 'Belgium', 'id': '56', 'alpha3code': 'BEL', 'alpha2code': 'BE'}",37836,left,M. Lestienne,null,Maxime Lestienne,Maxime Lestienne,Maxime Lestienne,be BEL,MF,Málaga,25,1992,7.4,160,236,67.8,2449,660,82,104,78.8,49,70,70.0,18,37,48.6,1,1.6,1.2,-0.6,10,5,5,3,11,8,20.0,5,0,3,3,15,12,7,1,6,6,14,6,0,Matches,236,217,17,7,0,3,32,2,8,3,3,0,160,2,8,1,0,0,3,3,1,32,6,5,0,0,0,37,0,5,0.0,Spain
"{'name': 'Croatia', 'id': '191', 'alpha3code': 'HRV', 'alpha2code': 'HR'}",65,Alen,,Halilovi\u0107,714,1996-06-18,170,"{'code2': 'MD', 'code3': 'MID', 'name': 'Midfielder'}","{'name': 'Croatia', 'id': '191', 'alpha3code': 'HRV', 'alpha2code': 'HR'}",234527,left,A. Halilovi\u0107,null,Alen Halilović,Alen Halilović,Alen Halilović,hr CRO,"FW,MF",Las Palmas,21,1996,14.5,387,539,71.8,5933,1601,213,250,85.2,114,155,73.5,36,84,42.9,1,1.8,1.9,-0.8,20,26,17,4,47,11,23.5,5,6,0,4,17,13,10,1,9,5,16,4,0,Matches,539,463,74,31,0,12,76,16,26,12,6,0,387,2,11,1,1,0,9,25,1,76,5,7,1,0,0,61,3,14,17.6,Spain
"{'name': 'Nigeria', 'id': '566', 'alpha3code': 'NGA', 'alpha2code': 'NG'}",65,Imoh,,Ezekiel,714,1993-10-24,178,"{'code2': 'FW', 'code3': 'FWD', 'name': 'Forward'}","{'name': 'Nigeria', 'id': '566', 'alpha3code': 'NGA', 'alpha2code': 'NG'}",38094,right,I. Ezekiel,null,Imoh Ezekiel,Imoh Ezekiel,Imoh Ezekiel,ng NGA,"MF,FW",Las Palmas,23,1993,5.2,94,123,76.4,1214,206,65,74,87.8,24,29,82.8,2,8,25.0,0,0.1,0.3,-0.1,3,7,5,0,11,8,75.0,3,2,3,3,4,1,4,0,4,2,10,3,0,Matches,123,119,4,1,0,0,11,2,0,0,0,0,94,0,8,0,0,0,6,7,2,11,2,6,0,0,0,21,3,14,17.6,Spain
"{'name': 'Spain', 'id': '724', 'alpha3code': 'ESP', 'alpha2code': 'ES'}",78,Florin,,Andone,677,1993-04-11,180,"{'code2': 'FW', 'code3': 'FWD', 'name': 'Forward'}","{'name': 'Romania', 'id': '642', 'alpha3code': 'ROU', 'alpha2code': 'RO'}",6165,right,F. Andone,11944,Florin Andone,Florin Andone,Florin Andone,ro ROU,FW,La Coruña,24,1993,18.2,188,308,61.0,2226,245,130,176,73.9,43,75,57.3,1,10,10.0,3,0.9,1.1,2.1,9,4,4,1,11,9,23.5,4,4,1,4,17,13,9,2,7,3,12,12,0,Matches,308,271,35,0,0,0,17,2,0,0,0,0,188,2,20,6,0,0,59,19,17,17,3,7,0,0,0,50,32,70,31.4,Spain
"{'name': 'Argentina', 'id': '32', 'alpha3code': 'ARG', 'alpha2code': 'AR'}",70,Esteban,,Rol\u00f3n,683,1995-03-25,175,"{'code2': 'MD', 'code3': 'MID', 'name': 'Midfielder'}","{'name': 'Argentina', 'id': '32', 'alpha3code': 'ARG', 'alpha2code': 'AR'}",399673,right,E. Rol\u00f3n,null,Esteban Rolón,Esteban Rolón,Esteban Rolón,ar ARG,MF,Málaga,22,1995,4.6,105,138,76.1,1780,483,58,71,81.7,32,45,71.1,13,15,86.7,0,0.0,0.1,0.0,1,7,1,0,10,6,50.0,4,2,0,2,4,2,7,1,6,9,15,8,1,Matches,138,134,3,3,1,1,1,0,0,0,0,0,105,1,4,1,0,0,12,4,0,1,9,4,0,0,0,22,3,5,37.5,Spain
"{'name': 'Ukraine', 'id': '804', 'alpha3code': 'UKR', 'alpha2code': 'UA'}",87,Maksym,,Koval,677,1992-12-09,188,"{'code2': 'GK', 'code3': 'GKP', 'name': 'Goalkeeper'}","{'name': 'Ukraine', 'id': '804', 'alpha3code': 'UKR', 'alpha2code': 'UA'}",105587,right,M. Koval,14622,Maksym Koval,Maksym Koval,Maksym Koval,ua UKR,GK,La Coruña,24,1992,1.3,32,48,66.7,1200,860,5,5,100.0,7,8,87.5,20,35,57.1,0,0.0,0.0,0.0,0,0,0,0,0,0,,0,0,0,0,0,0,0,0,0,0,0,0,2,Matches,48,24,24,5,0,1,0,0,0,0,0,0,32,0,0,0,1,0,1,0,0,0,0,0,0,0,0,1,0,0,,Spain
"{'name': 'Belgium', 'id': '56', 'alpha3code': 'BEL', 'alpha2code': 'BE'}",80,Thomas,,Vermaelen,676,1985-11-14,183,"{'code2': 'DF', 'code3': 'DEF', 'name': 'Defender'}","{'name': 'Belgium', 'id': '56', 'alpha3code': 'BEL', 'alpha2code': 'BE'}",7860,left,T. Vermaelen,5629,Thomas Vermaelen,Thomas Vermaelen,Thomas Vermaelen,be BEL,DF,Barcelona,31,1985,11.3,603,650,92.8,12304,3928,187,193,96.9,320,338,94.7,91,105,86.7,1,0.4,0.1,0.6,3,22,2,0,43,13,45.5,7,5,1,5,11,6,10,3,7,18,31,28,0,Matches,650,629,19,17,1,9,2,2,0,0,0,0,603,2,5,3,0,0,9,3,1,2,18,9,0,0,0,57,18,11,62.1,Spain
"{'name': 'Reunion', 'id': '638', 'alpha3code': 'REU', 'alpha2code': 'RE'}",74,Francis,,Coquelin,674,1991-05-13,178,"{'code2': 'MD', 'code3': 'MID', 'name': 'Midfielder'}","{'name': 'France', 'id': '250', 'alpha3code': 'FRA', 'alpha2code': 'FR'}",7864,right,F. Coquelin,null,Francis Coquelin,Francis Coquelin,Francis Coquelin,fr FRA,"MF,DF",Valencia,26,1991,7.3,256,310,82.6,4423,1405,126,140,90.0,91,109,83.5,29,41,70.7,0,0.1,0.1,-0.1,2,33,1,0,28,18,56.3,11,6,1,9,16,7,9,2,7,20,38,23,0,Matches,310,296,9,8,0,8,1,1,0,0,0,0,256,5,4,2,0,0,13,7,1,1,20,14,0,0,0,60,20,6,76.9,Spain
"{'name': 'Serbia', 'id': '688', 'alpha3code': 'SRB', 'alpha2code': 'RS'}",77,Sa\u0161a,,Luki\u0107,695,1996-08-13,183,"{'code2': 'MD', 'code3': 'MID', 'name': 'Midfielder'}","{'name': 'Serbia', 'id': '688', 'alpha3code': 'SRB', 'alpha2code': 'RS'}",237269,right,S. Luki\u0107,17324,Saša Lukić,Saša Lukić,Saša Lukić,rs SRB,MF,Levante,20,1996,11.0,289,345,83.8,4541,1376,138,157,87.9,118,132,89.4,17,30,56.7,1,1.6,1.2,-0.6,9,23,5,1,32,21,31.3,9,8,4,5,16,11,14,6,8,17,38,13,0,Matches,345,333,10,10,2,1,5,0,0,0,0,0,289,2,5,4,0,0,24,15,0,5,17,16,0,1,0,60,12,13,48.0,Spain
"{'name': 'Croatia', 'id': '191', 'alpha3code': 'HRV', 'alpha2code': 'HR'}",66,Luka,,Modri\u0107,675,1985-09-09,172,"{'code2': 'MD', 'code3': 'MID', 'name': 'Midfielder'}","{'name': 'Croatia', 'id': '191', 'alpha3code': 'HRV', 'alpha2code': 'HR'}",8287,right,L. Modri\u0107,9598,Luka Modrić,Luka Modrić,Luka Modrić,hr CRO,MF,Real Madrid,31,1985,21.9,1394,1572,88.7,24341,7975,692,739,93.6,491,545,90.1,169,207,81.6,6,4.2,4.0,1.8,39,196,42,1,254,33,36.6,14,15,4,15,41,26,13,4,9,31,64,7,0,Matches,1572,1530,36,29,11,33,18,1,6,0,4,0,1394,6,21,3,0,0,20,31,0,18,31,22,1,0,0,149,7,12,36.8,Spain
"{'name': 'Montenegro', 'id': '499', 'alpha3code': 'MNE', 'alpha2code': 'ME'}",80,Stefan,,Savi\u0107,679,1991-01-08,187,"{'code2': 'DF', 'code3': 'DEF', 'name': 'Defender'}","{'name': 'Montenegro', 'id': '499', 'alpha3code': 'MNE', 'alpha2code': 'ME'}",8311,right,S. Savi\u0107,17371,Stefan Savić,Stefan Savić,Stefan Savić,me MNE,DF,Atlético Madrid,26,1991,25.5,809,994,81.4,16894,6144,270,299,90.3,384,427,89.9,145,242,59.9,0,0.2,0.2,-0.2,3,54,5,0,52,30,41.0,23,7,0,16,39,23,38,23,15,45,75,150,1,Matches,994,962,31,29,0,7,3,2,0,0,0,0,809,1,11,6,0,0,24,8,0,3,45,20,0,0,1,115,46,19,70.8,Spain
"{'name': 'Serbia', 'id': '688', 'alpha3code': 'SRB', 'alpha2code': 'RS'}",94,Marko,,Dmitrovi\u0107,701,1992-01-24,194,"{'code2': 'GK', 'code3': 'GKP', 'name': 'Goalkeeper'}","{'name': 'Serbia', 'id': '688', 'alpha3code': 'SRB', 'alpha2code': 'RS'}",140046,left,M. Dmitrovi\u0107,17322,Marko Dmitrović,Marko Dmitrović,Marko Dmitrović,rs SRB,GK,Eibar,25,1992,36.0,580,1163,49.9,26463,23662,46,47,97.9,134,136,98.5,399,974,41.0,0,0.0,0.2,0.0,1,82,1,0,1,4,36.4,4,0,0,4,11,7,1,0,1,2,6,26,2,Matches,1163,785,373,157,1,0,0,0,0,0,0,0,580,5,0,1,0,0,0,5,0,0,2,4,0,0,0,80,13,1,92.9,Spain
"{'name': 'Serbia', 'id': '688', 'alpha3code': 'SRB', 'alpha2code': 'RS'}",77,Nemanja,,Radoja,692,1993-02-06,186,"{'code2': 'MD', 'code3': 'MID', 'name': 'Midfielder'}","{'name': 'Serbia', 'id': '688', 'alpha3code': 'SRB', 'alpha2code': 'RS'}",140125,right,N. Radoja,null,Nemanja Radoja,Nemanja Radoja,Nemanja Radoja,rs SRB,MF,Celta Vigo,24,1993,12.3,523,611,85.6,8770,1890,247,281,87.9,223,250,89.2,39,51,76.5,1,0.6,0.5,0.4,7,51,5,1,62,18,37.5,6,8,4,3,8,5,8,2,6,10,28,11,0,Matches,611,597,13,13,0,3,4,0,0,0,0,0,523,1,8,3,0,0,11,15,1,4,10,16,0,0,0,64,19,14,57.6,Spain
"{'name': 'Morocco', 'id': '504', 'alpha3code': 'MAR', 'alpha2code': 'MA'}",71,Zakaria,,Bakkali,677,1996-01-26,168,"{'code2': 'FW', 'code3': 'FWD', 'name': 'Forward'}","{'name': 'Belgium', 'id': '56', 'alpha3code': 'BEL', 'alpha2code': 'BE'}",239843,right,Z. Bakkali,null,Zakaria Bakkali,Zakaria Bakkali,Zakaria Bakkali,be BEL,"FW,MF",La Coruña,21,1996,10.1,232,307,75.6,3284,692,145,164,88.4,66,93,71.0,14,29,48.3,0,0.3,0.9,-0.3,8,13,3,2,30,12,28.6,7,4,1,4,14,10,5,0,5,4,16,6,0,Matches,307,287,16,1,1,0,36,6,9,4,0,0,232,4,9,5,0,0,14,20,4,36,4,10,0,0,0,46,4,11,26.7,Spain
"{'name': 'Italy', 'id': '380', 'alpha3code': 'ITA', 'alpha2code': 'IT'}",82,Rodrigo,,Ely,696,1993-11-03,192,"{'code2': 'DF', 'code3': 'DEF', 'name': 'Defender'}","{'name': 'Brazil', 'id': '76', 'alpha3code': 'BRA', 'alpha2code': 'BR'}",208694,right,Rodrigo Ely,null,Rodrigo Ely,Rodrigo Ely,Rodrigo Ely,br BRA,DF,Alavés,23,1993,29.9,753,1040,72.4,16921,6729,199,250,79.6,396,475,83.4,152,292,52.1,0,0.4,0.2,-0.4,2,40,1,0,46,32,55.9,26,6,0,19,34,15,45,36,9,50,82,183,0,Matches,1040,951,81,75,2,19,1,6,0,0,0,0,753,8,6,11,1,1,29,19,2,1,50,18,0,3,0,128,109,45,70.8,Spain
"{'name': 'Turkey', 'id': '792', 'alpha3code': 'TUR', 'alpha2code': 'TR'}",75,Enes,,\u00dcnal,682,1997-05-10,185,"{'code2': 'FW', 'code3': 'FWD', 'name': 'Forward'}","{'name': 'Turkey', 'id': '792', 'alpha3code': 'TUR', 'alpha2code': 'TR'}",274435,right,E. \u00dcnal,4687,Enes Ünal,Enes Ünal,Enes Ünal,tr TUR,FW,Levante,20,1997,6.6,104,140,74.3,1173,195,71,94,75.5,24,34,70.6,0,1,0.0,1,0.5,0.2,0.5,5,7,1,0,9,6,10.0,2,2,2,1,10,9,7,1,6,2,8,5,0,Matches,140,126,14,1,0,0,0,0,0,0,0,0,104,0,1,0,0,0,10,10,4,0,2,6,0,0,0,7,15,25,37.5,Spain
"{'name': 'Turkey', 'id': '792', 'alpha3code': 'TUR', 'alpha2code': 'TR'}",75,Enes,,\u00dcnal,682,1997-05-10,185,"{'code2': 'FW', 'code3': 'FWD', 'name': 'Forward'}","{'name': 'Turkey', 'id': '792', 'alpha3code': 'TUR', 'alpha2code': 'TR'}",274435,right,E. \u00dcnal,4687,Enes Ünal,Enes Ünal,Enes Ünal,tr TUR,FW,Villarreal,20,1997,12.5,205,286,71.7,2352,582,146,179,81.6,43,65,66.2,3,5,60.0,2,1.7,1.6,0.3,9,12,3,0,19,9,0.0,0,4,5,0,12,12,16,3,13,4,13,11,0,Matches,286,274,11,0,2,1,5,0,0,0,0,0,205,1,14,1,0,0,32,25,9,5,4,5,0,0,0,32,41,47,46.6,Spain
"{'name': 'Germany', 'id': '276', 'alpha3code': 'DEU', 'alpha2code': 'DE'}",76,Toni,,Kroos,675,1990-01-04,183,"{'code2': 'MD', 'code3': 'MID', 'name': 'Midfielder'}","{'name': 'Germany', 'id': '276', 'alpha3code': 'DEU', 'alpha2code': 'DE'}",14723,right,T. Kroos,3148,Toni Kroos,Toni Kroos,Toni Kroos,de GER,MF,Real Madrid,27,1990,25.1,1982,2235,88.7,36218,11344,920,965,95.3,736,810,90.9,277,377,73.5,7,5.7,6.1,1.3,64,251,34,7,274,55,37.3,19,29,7,22,59,37,20,2,18,16,71,10,1,Matches,2235,1995,233,91,9,61,148,10,132,36,64,0,1982,7,16,4,0,0,21,38,2,148,16,35,0,0,0,151,11,7,61.1,Spain
"{'name': 'Serbia', 'id': '688', 'alpha3code': 'SRB', 'alpha2code': 'RS'}",81,Zdravko,,Kuzmanovi\u0107,683,1987-09-22,185,"{'code2': 'MD', 'code3': 'MID', 'name': 'Midfielder'}","{'name': 'Switzerland', 'id': '756', 'alpha3code': 'CHE', 'alpha2code': 'CH'}",14757,right,Z. Kuzmanovi\u0107,null,Zdravko Kuzmanović,Zdravko Kuzmanović,Zdravko Kuzmanović,rs SRB,MF,Málaga,29,1987,5.3,304,342,88.9,5473,1691,134,142,94.4,128,141,90.8,35,46,76.1,1,0.6,0.3,0.4,8,32,3,2,40,4,0.0,1,3,0,0,5,5,2,2,0,4,8,9,0,Matches,342,325,14,13,0,5,4,1,0,0,0,0,304,3,1,4,2,2,7,2,0,4,4,4,0,0,0,36,6,5,54.5,Spain
"{'name': 'Japan', 'id': '392', 'alpha3code': 'JPN', 'alpha2code': 'JP'}",63,Takashi,,Inui,684,1988-06-02,169,"{'code2': 'MD', 'code3': 'MID', 'name': 'Midfielder'}","{'name': 'Japan', 'id': '392', 'alpha3code': 'JPN', 'alpha2code': 'JP'}",14836,right,T. Inui,12913,Takashi Inui,Takashi Inui,Takashi Inui,jp JPN,"MF,FW",Eibar,29,1988,29.2,710,936,75.9,10659,1703,407,470,86.6,234,303,77.2,45,93,48.4,2,1.9,1.9,0.1,26,39,17,10,68,39,31.0,12,19,8,13,42,29,36,0,36,18,57,10,0,Matches,936,891,40,5,4,16,67,23,12,1,7,1,710,5,27,4,0,0,40,49,5,67,18,21,0,0,0,127,13,32,28.9,Spain
"{'name': 'Germany', 'id': '276', 'alpha3code': 'DEU', 'alpha2code': 'DE'}",85,Marc-Andr\u00e9,,ter Stegen,676,1992-04-30,187,"{'code2': 'GK', 'code3': 'GKP', 'name': 'Goalkeeper'}","{'name': 'Germany', 'id': '276', 'alpha3code': 'DEU', 'alpha2code': 'DE'}",15008,right,M. ter Stegen,3148,Marc-André ter Stegen,Marc-André ter Stegen,Marc-André ter Stegen,de GER,GK,Barcelona,25,1992,37.0,1068,1304,81.9,27867,19433,154,154,100.0,598,613,97.6,313,531,58.9,0,0.0,0.0,0.0,0,1,0,0,0,1,33.3,1,0,0,1,3,2,1,0,1,4,5,12,1,Matches,1304,989,313,51,0,6,0,0,0,0,0,0,1068,2,1,0,0,0,0,1,0,0,4,0,0,0,0,59,2,0,100.0,Spain
"{'name': 'Serbia', 'id': '688', 'alpha3code': 'SRB', 'alpha2code': 'RS'}",71,Antonio,,Rukavina,11042,1984-01-26,176,"{'code2': 'DF', 'code3': 'DEF', 'name': 'Defender'}","{'name': 'Serbia', 'id': '688', 'alpha3code': 'SRB', 'alpha2code': 'RS'}",15214,right,A. Rukavina,17322,Antonio Rukavina,Antonio Rukavina,Antonio Rukavina,rs SRB,DF,Villarreal,33,1984,14.1,489,628,77.9,8304,3405,236,271,87.1,197,247,79.8,44,86,51.2,0,0.6,0.6,-0.6,8,27,8,5,36,25,68.0,12,9,4,17,25,8,11,3,8,16,41,68,0,Matches,628,483,143,8,1,0,27,135,0,0,0,0,489,2,12,5,0,0,18,3,0,27,16,22,0,1,0,59,9,11,45.0,Spain
"{'name': 'Germany', 'id': '276', 'alpha3code': 'DEU', 'alpha2code': 'DE'}",81,Johannes,,Geis,680,1993-08-17,181,"{'code2': 'MD', 'code3': 'MID', 'name': 'Midfielder'}","{'name': 'Germany', 'id': '276', 'alpha3code': 'DEU', 'alpha2code': 'DE'}",15455,right,J. Geis,null,Johannes Geis,Johannes Geis,Johannes Geis,de GER,"DF,MF",Sevilla,23,1993,7.5,316,379,83.4,6091,2559,128,144,88.9,135,155,87.1,47,70,67.1,1,0.5,0.5,0.5,5,37,3,1,26,20,52.4,12,7,1,11,21,10,13,5,8,10,30,27,1,Matches,379,356,21,17,0,9,9,3,1,1,0,0,316,2,1,0,0,0,9,1,0,9,10,15,0,0,0,57,6,7,46.2,Spain
"{'name': 'Italy', 'id': '380', 'alpha3code': 'ITA', 'alpha2code': 'IT'}",76,Gonzalo,,Escalante,701,1993-03-27,182,"{'code2': 'MD', 'code3': 'MID', 'name': 'Midfielder'}","{'name': 'Argentina', 'id': '32', 'alpha3code': 'ARG', 'alpha2code': 'AR'}",212644,right,G. Escalante,null,Gonzalo Escalante,Gonzalo Escalante,Gonzalo Escalante,ar ARG,MF,Eibar,24,1993,17.4,490,674,72.7,7937,1894,236,308,76.6,201,244,82.4,34,76,44.7,0,1.0,0.8,-1.0,10,46,8,2,64,59,43.6,21,32,6,17,39,22,26,3,23,32,91,19,0,Matches,674,661,8,5,1,9,10,3,0,0,0,0,490,5,15,3,0,0,25,16,0,10,32,35,0,0,0,110,46,39,54.1,Spain
"{'name': 'Spain', 'id': '724', 'alpha3code': 'ESP', 'alpha2code': 'ES'}",76,Lucas ,,Hern\u00e1ndez Pi,679,1996-02-14,184,"{'code2': 'DF', 'code3': 'DEF', 'name': 'Defender'}","{'name': 'France', 'id': '250', 'alpha3code': 'FRA', 'alpha2code': 'FR'}",279545,left,L. Hern\u00e1ndez,4418,Lucas  Hernández Pi,Lucas Hernández,Lucas Hernández,fr FRA,DF,Atlético Madrid,21,1996,23.5,873,1084,80.5,13247,4704,481,538,89.4,298,356,83.7,56,120,46.7,1,0.3,0.5,0.7,6,38,4,1,49,93,74.3,51,35,7,55,74,19,35,10,25,40,133,90,0,Matches,1084,913,167,20,1,1,17,147,0,0,0,0,873,4,20,7,1,1,31,46,4,17,40,68,0,0,0,134,41,33,55.4,Spain
"{'name': 'Albania', 'id': '8', 'alpha3code': 'ALB', 'alpha2code': 'AL'}",80,Armando,,Sadiku,695,1991-05-27,186,"{'code2': 'FW', 'code3': 'FWD', 'name': 'Forward'}","{'name': 'Albania', 'id': '8', 'alpha3code': 'ALB', 'alpha2code': 'AL'}",50461,right,A. Sadiku,8731,Armando Sadiku,Armando Sadiku,Armando Sadiku,al ALB,FW,Levante,26,1991,3.0,53,71,74.6,687,179,31,39,79.5,18,23,78.3,0,2,0.0,0,0.0,0.0,0.0,1,5,0,0,6,1,0.0,0,1,0,0,1,1,4,2,2,2,3,2,0,Matches,71,65,5,0,0,1,1,0,0,0,0,0,53,1,0,1,0,0,6,1,2,1,2,1,0,0,0,9,10,26,27.8,Spain
"{'name': 'Macedonia FYR', 'id': '807', 'alpha3code': 'MKD', 'alpha2code': 'MK'}",64,Enis,,Bardhi,695,1995-07-02,169,"{'code2': 'MD', 'code3': 'MID', 'name': 'Midfielder'}","{'name': 'Macedonia FYR', 'id': '807', 'alpha3code': 'MKD', 'alpha2code': 'MK'}",280383,right,E. Bardhi,10073,Enis Bardhi,Enis Bardhi,Enis Bardhi,mk MKD,MF,Levante,22,1995,17.6,520,683,76.1,9176,2631,252,295,85.4,183,220,83.2,63,118,53.4,1,1.3,1.3,-0.3,23,83,8,0,91,39,26.3,14,16,9,10,38,28,11,0,11,16,55,7,0,Matches,683,602,78,27,2,15,55,6,42,15,15,3,520,3,14,8,0,0,39,25,3,55,16,26,0,0,0,93,4,15,21.1,Spain
"{'name': 'Spain', 'id': '724', 'alpha3code': 'ESP', 'alpha2code': 'ES'}",70,Fabi\u00e1n,,Ruiz Pe\u00f1a,684,1996-04-03,189,"{'code2': 'MD', 'code3': 'MID', 'name': 'Midfielder'}","{'name': 'Spain', 'id': '724', 'alpha3code': 'ESP', 'alpha2code': 'ES'}",346195,left,Fabi\u00e1n,1604,Fabián Ruiz Peña,Fabián Ruiz Peña,Fabián Ruiz Peña,es ESP,MF,Betis,21,1996,29.5,1813,2120,85.5,29626,7190,960,1057,90.8,633,723,87.6,168,212,79.2,6,2.2,2.2,3.8,33,188,30,2,211,83,35.6,34,40,9,26,73,47,35,3,32,42,125,36,1,Matches,2120,2063,47,34,6,21,15,11,2,0,1,0,1813,10,43,3,0,0,27,35,2,15,42,53,0,0,0,254,25,17,59.5,Spain
"{'name': 'Turkey', 'id': '792', 'alpha3code': 'TUR', 'alpha2code': 'TR'}",64,Emre,,Mor,692,1997-07-24,169,"{'code2': 'FW', 'code3': 'FWD', 'name': 'Forward'}","{'name': 'Denmark', 'id': '208', 'alpha3code': 'DNK', 'alpha2code': 'DK'}",281255,left,E. Mor,null,Emre Mor,Emre Mor,Emre Mor,tr TUR,"FW,MF",Celta Vigo,20,1997,7.4,189,292,64.7,3004,654,106,135,78.5,57,84,67.9,18,42,42.9,2,2.2,2.1,-0.2,14,13,12,6,17,14,54.5,6,7,1,6,11,5,7,1,6,4,18,7,0,Matches,292,271,18,3,1,2,41,1,14,6,3,0,189,3,16,4,0,0,10,22,2,41,4,7,0,0,0,44,1,3,25.0,Spain
"{'name': 'Spain', 'id': '724', 'alpha3code': 'ESP', 'alpha2code': 'ES'}",63,Jaime,,Sierra Mateos,712,1998-03-18,175,"{'code2': 'MD', 'code3': 'MID', 'name': 'Midfielder'}","{'name': 'Spain', 'id': '724', 'alpha3code': 'ESP', 'alpha2code': 'ES'}",396539,right,Jaime Sierra,null,Jaime Sierra Mateos,Jaime Sierra Mateos,Jaime Sierra Mateos,es ESP,"FW,MF",Leganés,19,1998,0.3,3,5,60.0,39,5,2,4,50.0,1,1,100.0,0,0,,0,0.0,0.0,0.0,0,0,0,0,0,1,0.0,1,0,0,0,1,1,0,0,0,1,2,0,0,Matches,5,5,0,0,0,0,0,0,0,0,0,0,3,0,0,0,0,0,1,0,0,0,1,1,0,0,0,0,0,0,,Spain
"{'name': 'Italy', 'id': '380', 'alpha3code': 'ITA', 'alpha2code': 'IT'}",84,Daniele,,Bonera,682,1981-05-31,183,"{'code2': 'DF', 'code3': 'DEF', 'name': 'Defender'}","{'name': 'Italy', 'id': '380', 'alpha3code': 'ITA', 'alpha2code': 'IT'}",20393,right,D. Bonera,null,Daniele Bonera,Daniele Bonera,Daniele Bonera,it ITA,DF,Villarreal,36,1981,13.2,493,569,86.6,10077,4150,174,186,93.5,235,254,92.5,79,119,66.4,1,0.6,0.2,0.4,3,42,2,0,48,16,66.7,8,7,1,10,15,5,17,12,5,12,28,72,0,Matches,569,536,31,30,1,5,0,1,0,0,0,0,493,2,2,4,1,0,14,11,0,0,12,11,0,1,0,48,15,8,65.2,Spain
"{'name': 'Italy', 'id': '380', 'alpha3code': 'ITA', 'alpha2code': 'IT'}",79,Alberto,,Aquilani,,1984-07-07,186,"{'code2': 'MD', 'code3': 'MID', 'name': 'Midfielder'}","{'name': 'Italy', 'id': '380', 'alpha3code': 'ITA', 'alpha2code': 'IT'}",20401,right,A. Aquilani,null,Alberto Aquilani,Alberto Aquilani,Alberto Aquilani,it ITA,MF,Las Palmas,33,1984,14.4,838,1008,83.1,15743,4147,374,419,89.3,310,360,86.1,130,179,72.6,0,0.5,0.7,-0.5,12,86,6,0,80,33,35.5,13,17,3,11,31,20,20,4,16,23,56,23,0,Matches,1008,974,31,29,4,35,7,2,0,0,0,0,838,3,13,4,0,0,18,14,1,7,23,19,0,0,0,94,11,13,45.8,Spain
"{'name': 'France', 'id': '250', 'alpha3code': 'FRA', 'alpha2code': 'FR'}",67,Mathieu,,Flamini,,1984-03-07,178,"{'code2': 'MD', 'code3': 'MID', 'name': 'Midfielder'}","{'name': 'France', 'id': '250', 'alpha3code': 'FRA', 'alpha2code': 'FR'}",20406,right,M. Flamini,null,Mathieu Flamini,Mathieu Flamini,Mathieu Flamini,fr FRA,MF,Getafe,33,1984,5.3,98,148,66.2,1512,425,42,56,75.0,41,58,70.7,6,15,40.0,0,0.1,0.2,-0.1,1,7,1,0,11,11,44.4,3,7,1,4,9,5,2,0,2,8,19,8,0,Matches,148,145,1,1,0,0,3,0,0,0,0,0,98,2,3,2,1,1,15,1,0,3,8,5,0,0,0,27,12,3,80.0,Spain
"{'name': 'Italy', 'id': '380', 'alpha3code': 'ITA', 'alpha2code': 'IT'}",74,Giampaolo,,Pazzini,695,1984-08-02,180,"{'code2': 'FW', 'code3': 'FWD', 'name': 'Forward'}","{'name': 'Italy', 'id': '380', 'alpha3code': 'ITA', 'alpha2code': 'IT'}",20536,right,G. Pazzini,null,Giampaolo Pazzini,Giampaolo Pazzini,Giampaolo Pazzini,it ITA,FW,Levante,32,1984,4.9,43,66,65.2,542,67,30,44,68.2,9,12,75.0,1,3,33.3,0,0.0,0.0,0.0,0,3,0,0,4,0,,0,0,0,0,0,0,1,0,1,1,1,1,0,Matches,66,51,15,0,1,0,1,0,0,0,0,0,43,0,1,1,0,0,10,11,5,1,1,0,0,0,0,6,4,12,25.0,Spain
"{'name': 'Italy', 'id': '380', 'alpha3code': 'ITA', 'alpha2code': 'IT'}",76,Roberto,,Soriano,682,1991-02-08,182,"{'code2': 'MD', 'code3': 'MID', 'name': 'Midfielder'}","{'name': 'Germany', 'id': '276', 'alpha3code': 'DEU', 'alpha2code': 'DE'}",20623,right,R. Soriano,null,Roberto Soriano,Roberto Soriano,Roberto Soriano,it ITA,"MF,FW",Villarreal,26,1991,12.7,395,511,77.3,5515,1416,249,293,85.0,113,138,81.9,16,29,55.2,0,0.7,0.8,-0.7,13,38,11,4,49,30,18.8,10,16,4,3,16,13,14,0,14,4,34,9,0,Matches,511,496,8,2,3,2,18,2,3,0,1,0,395,7,18,3,0,0,36,32,7,18,4,20,0,0,0,66,12,24,33.3,Spain
"{'name': 'Italy', 'id': '380', 'alpha3code': 'ITA', 'alpha2code': 'IT'}",84,Ger\u00f3nimo,,Rulli,687,1992-05-20,189,"{'code2': 'GK', 'code3': 'GKP', 'name': 'Goalkeeper'}","{'name': 'Argentina', 'id': '32', 'alpha3code': 'ARG', 'alpha2code': 'AR'}",86212,right,G. Rulli,null,Gerónimo Rulli,Gerónimo Rulli,Gerónimo Rulli,ar ARG,GK,Real Sociedad,25,1992,26.0,847,1115,76.0,23365,16757,113,114,99.1,446,459,97.2,284,533,53.3,0,0.0,0.0,0.0,1,4,0,0,0,2,33.3,2,0,0,2,6,4,0,0,0,0,2,10,2,Matches,1115,882,228,77,0,4,0,0,0,0,0,0,847,5,0,3,0,0,1,2,0,0,0,1,0,1,0,43,1,0,100.0,Spain
"{'name': 'Italy', 'id': '380', 'alpha3code': 'ITA', 'alpha2code': 'IT'}",69,Luciano,,Vietto,674,1993-12-05,173,"{'code2': 'FW', 'code3': 'FWD', 'name': 'Forward'}","{'name': 'Argentina', 'id': '32', 'alpha3code': 'ARG', 'alpha2code': 'AR'}",86307,right,L. Vietto,null,Luciano Vietto,Luciano Vietto,Luciano Vietto,ar ARG,FW,Atlético Madrid,23,1993,3.0,68,80,85.0,823,132,43,46,93.5,14,18,77.8,2,3,66.7,0,0.3,0.1,-0.3,1,2,0,0,5,5,0.0,1,2,2,0,3,3,3,0,3,3,8,3,0,Matches,80,78,2,0,0,0,1,0,0,0,0,0,68,0,2,1,0,0,4,7,1,1,3,4,0,0,0,11,1,4,20.0,Spain
"{'name': 'Italy', 'id': '380', 'alpha3code': 'ITA', 'alpha2code': 'IT'}",69,Luciano,,Vietto,674,1993-12-05,173,"{'code2': 'FW', 'code3': 'FWD', 'name': 'Forward'}","{'name': 'Argentina', 'id': '32', 'alpha3code': 'ARG', 'alpha2code': 'AR'}",86307,right,L. Vietto,null,Luciano Vietto,Luciano Vietto,Luciano Vietto,ar ARG,FW,Valencia,23,1993,5.9,158,204,77.5,2190,469,99,113,87.6,38,54,70.4,11,16,68.8,1,1.4,0.8,-0.4,14,14,8,3,21,8,25.0,2,3,3,1,4,3,3,0,3,2,10,5,0,Matches,204,196,5,1,1,3,6,0,0,0,0,0,158,3,5,1,0,0,5,7,7,6,2,6,0,0,0,28,3,4,42.9,Spain
"{'name': 'Italy', 'id': '380', 'alpha3code': 'ITA', 'alpha2code': 'IT'}",82,Leandro,,Chichizola,714,1990-03-27,185,"{'code2': 'GK', 'code3': 'GKP', 'name': 'Goalkeeper'}","{'name': 'Argentina', 'id': '32', 'alpha3code': 'ARG', 'alpha2code': 'AR'}",86319,right,L. Chichizola,null,Leandro Chichizola,Leandro Chichizola,Leandro Chichizola,ar ARG,GK,Las Palmas,27,1990,27.0,807,1142,70.7,23394,17039,125,127,98.4,386,394,98.0,295,614,48.0,0,0.0,0.0,0.0,1,9,0,0,0,2,33.3,2,0,0,2,6,4,0,0,0,4,6,29,3,Matches,1142,809,328,98,0,3,0,0,0,0,0,0,807,5,1,2,0,0,0,6,0,0,4,0,0,0,0,38,12,2,85.7,Spain
"{'name': 'Spain', 'id': '724', 'alpha3code': 'ESP', 'alpha2code': 'ES'}",78,Ezequiel,,Mu\u00f1oz,712,1990-10-08,185,"{'code2': 'DF', 'code3': 'DEF', 'name': 'Defender'}","{'name': 'Argentina', 'id': '32', 'alpha3code': 'ARG', 'alpha2code': 'AR'}",20808,right,E. Mu\u00f1oz,null,Ezequiel Muñoz,Ezequiel Muñoz,Ezequiel Muñoz,ar ARG,DF,Leganés,26,1990,15.6,381,497,76.7,7123,2342,143,174,82.2,186,222,83.8,47,91,51.6,1,0.7,0.4,0.3,5,6,1,0,10,36,55.0,24,12,0,11,20,9,18,11,7,24,60,84,0,Matches,497,480,17,16,0,0,1,1,0,0,0,0,381,0,5,2,0,0,18,6,2,1,24,28,0,0,0,79,36,23,61.0,Spain
"{'name': 'Italy', 'id': '380', 'alpha3code': 'ITA', 'alpha2code': 'IT'}",82,Nereo,,Champagne,712,1985-01-20,189,"{'code2': 'GK', 'code3': 'GKP', 'name': 'Goalkeeper'}","{'name': 'Argentina', 'id': '32', 'alpha3code': 'ARG', 'alpha2code': 'AR'}",86350,right,N. Champagne,null,Nereo Champagne,Nereo Champagne,Nereo Champagne,ar ARG,GK,Leganés,32,1985,2.0,32,58,55.2,1424,1353,1,1,100.0,5,5,100.0,26,51,51.0,0,0.0,0.0,0.0,0,1,0,0,0,0,,0,0,0,0,0,0,0,0,0,0,0,3,0,Matches,58,29,28,9,0,0,0,0,0,0,0,0,32,1,0,0,0,0,0,0,0,0,0,0,0,0,0,3,0,0,,Spain
"{'name': 'Italy', 'id': '380', 'alpha3code': 'ITA', 'alpha2code': 'IT'}",63,Federico,,Ricci,3197,1994-05-27,175,"{'code2': 'FW', 'code3': 'FWD', 'name': 'Forward'}","{'name': 'Italy', 'id': '380', 'alpha3code': 'ITA', 'alpha2code': 'IT'}",250956,left,F. Ricci,null,Federico Ricci,Federico Ricca,Federico Ricca,uy URU,DF,Málaga,22,1994,12.3,396,607,65.2,6327,3521,222,264,84.1,134,207,64.7,30,98,30.6,1,0.8,0.5,0.2,6,36,7,4,40,43,69.7,32,9,2,23,33,10,10,2,8,24,67,46,0,Matches,607,459,145,7,0,1,32,138,0,0,0,0,396,3,29,4,0,0,18,6,0,32,24,24,0,0,0,50,26,16,61.9,Spain
"{'name': 'Morocco', 'id': '504', 'alpha3code': 'MAR', 'alpha2code': 'MA'}",73,Youssef,,En-Nesyri,712,1997-06-01,189,"{'code2': 'FW', 'code3': 'FWD', 'name': 'Forward'}","{'name': 'Morocco', 'id': '504', 'alpha3code': 'MAR', 'alpha2code': 'MA'}",447821,left,Y. En-Nesyri,16216,Youssef En-Nesyri,Youssef En-Nesyri,Youssef En-Nesyri,ma MAR,FW,Málaga,20,1997,17.7,190,342,55.6,2524,500,119,179,66.5,43,87,49.4,11,26,42.3,0,0.9,0.4,-0.9,10,13,6,2,23,31,23.1,10,14,7,6,26,20,11,0,11,9,40,32,0,Matches,342,319,21,0,3,2,19,1,0,0,0,0,190,2,19,2,1,1,34,33,14,19,9,25,0,0,0,54,78,115,40.4,Spain
"{'name': 'Italy', 'id': '380', 'alpha3code': 'ITA', 'alpha2code': 'IT'}",84,Simone,,Zaza,674,1991-06-25,186,"{'code2': 'FW', 'code3': 'FWD', 'name': 'Forward'}","{'name': 'Italy', 'id': '380', 'alpha3code': 'ITA', 'alpha2code': 'IT'}",22202,left,S. Zaza,3757,Simone Zaza,Simone Zaza,Simone Zaza,it ITA,FW,Valencia,26,1991,23.1,319,465,68.6,4630,913,179,226,79.2,94,135,69.6,22,32,68.8,1,2.1,1.5,-1.1,15,20,9,0,31,21,5.0,4,10,7,1,20,19,26,1,25,8,29,34,0,Matches,465,423,37,0,3,7,9,0,0,0,0,0,319,5,25,9,1,1,41,32,16,9,8,14,1,0,0,43,74,77,49.0,Spain
"{'name': 'Morocco', 'id': '504', 'alpha3code': 'MAR', 'alpha2code': 'MA'}",80,Yassine,,Bounou,756,1991-04-05,192,"{'code2': 'GK', 'code3': 'GKP', 'name': 'Goalkeeper'}","{'name': 'Canada', 'id': '124', 'alpha3code': 'CAN', 'alpha2code': 'CA'}",120631,left,Y. Bounou,16216,Yassine Bounou,Yassine Bounou,Yassine Bounou,ma MAR,GK,Girona,26,1991,29.5,444,879,50.5,18205,15133,31,31,100.0,118,122,96.7,293,720,40.7,0,0.0,0.1,0.0,0,19,0,0,0,1,0.0,1,0,0,0,2,2,0,0,0,4,5,14,0,Matches,879,524,352,109,0,1,0,0,0,0,0,0,444,3,1,2,0,0,1,1,0,0,4,1,0,1,0,36,3,2,60.0,Spain
"{'name': 'Italy', 'id': '380', 'alpha3code': 'ITA', 'alpha2code': 'IT'}",68,Nicola,,Sansone,682,1991-09-10,175,"{'code2': 'FW', 'code3': 'FWD', 'name': 'Forward'}","{'name': 'Germany', 'id': '276', 'alpha3code': 'DEU', 'alpha2code': 'DE'}",22578,right,N. Sansone,null,Nicola Sansone,Nicola Sansone,Nicola Sansone,it ITA,"FW,MF",Villarreal,25,1991,7.1,177,239,74.1,2538,596,112,135,83.0,44,60,73.3,12,18,66.7,1,1.3,1.1,-0.3,13,14,7,1,17,8,11.8,2,4,2,2,17,15,1,0,1,1,9,2,0,Matches,239,211,24,3,1,2,17,2,9,4,0,1,177,4,10,1,0,0,3,12,9,17,1,4,1,0,0,31,1,7,12.5,Spain
"{'name': 'Albania', 'id': '8', 'alpha3code': 'ALB', 'alpha2code': 'AL'}",68,Riza,,Durmisi,684,1994-01-08,168,"{'code2': 'DF', 'code3': 'DEF', 'name': 'Defender'}","{'name': 'Denmark', 'id': '208', 'alpha3code': 'DNK', 'alpha2code': 'DK'}",56009,left,R. Durmisi,null,Riza Durmisi,Riza Durmisi,Riza Durmisi,dk DEN,DF,Betis,23,1994,23.1,856,1069,80.1,12924,3616,487,518,94.0,311,394,78.9,39,103,37.9,3,2.6,2.3,0.4,18,43,14,4,60,39,55.6,24,14,1,10,18,8,18,7,11,15,54,65,1,Matches,1069,880,186,11,1,2,68,172,3,1,1,0,856,3,22,4,0,0,15,10,2,68,15,21,0,0,0,89,6,16,27.3,Spain
"{'name': 'Denmark', 'id': '208', 'alpha3code': 'DNK', 'alpha2code': 'DK'}",68,Michael,,Krohn-Dehli,677,1983-06-06,170,"{'code2': 'MD', 'code3': 'MID', 'name': 'Midfielder'}","{'name': 'Denmark', 'id': '208', 'alpha3code': 'DNK', 'alpha2code': 'DK'}",56025,right,M. Krohn-Dehli,7712,Michael Krohn-Dehli,Michael Krohn-Dehli,Michael Krohn-Dehli,dk DEN,MF,La Coruña,34,1983,8.1,301,362,83.1,4858,1439,157,175,89.7,104,121,86.0,29,40,72.5,0,0.1,0.2,-0.1,1,33,6,1,42,12,23.5,6,5,1,4,17,13,2,0,2,13,25,7,0,Matches,362,353,5,1,0,1,11,3,1,1,0,0,301,4,4,2,0,0,9,2,0,11,13,9,0,0,0,57,4,4,50.0,Spain
"{'name': 'Denmark', 'id': '208', 'alpha3code': 'DNK', 'alpha2code': 'DK'}",68,Michael,,Krohn-Dehli,677,1983-06-06,170,"{'code2': 'MD', 'code3': 'MID', 'name': 'Midfielder'}","{'name': 'Denmark', 'id': '208', 'alpha3code': 'DNK', 'alpha2code': 'DK'}",56025,right,M. Krohn-Dehli,7712,Michael Krohn-Dehli,Michael Krohn-Dehli,Michael Krohn-Dehli,dk DEN,"MF,FW",Sevilla,34,1983,6.0,308,382,80.6,5019,1241,165,181,91.2,109,125,87.2,27,52,51.9,1,0.3,0.6,0.7,3,25,8,0,37,13,54.5,4,5,4,6,11,5,5,0,5,4,17,7,0,Matches,382,349,26,5,2,6,17,2,18,10,5,0,308,7,10,0,0,0,3,3,2,17,4,7,0,0,0,34,1,10,9.1,Spain
"{'name': 'Mauritania', 'id': '478', 'alpha3code': 'MRT', 'alpha2code': 'MR'}",67,Ousmane,,Demb\u00e9l\u00e9,676,1997-05-15,178,"{'code2': 'FW', 'code3': 'FWD', 'name': 'Forward'}","{'name': 'France', 'id': '250', 'alpha3code': 'FRA', 'alpha2code': 'FR'}",286390,both,O. Demb\u00e9l\u00e9,4418,Ousmane Dembélé,Ousmane Dembélé,Ousmane Dembélé,fr FRA,"FW,MF",Barcelona,20,1997,10.3,391,505,77.4,5835,1462,227,262,86.6,111,145,76.6,33,46,71.7,6,3.7,3.6,2.3,28,29,27,3,55,10,7.7,2,5,3,1,13,12,8,0,8,5,15,2,0,Matches,505,463,36,4,3,2,45,5,27,1,18,0,391,6,18,2,0,0,10,18,3,45,5,7,0,1,0,37,1,5,16.7,Spain
"{'name': 'Germany', 'id': '276', 'alpha3code': 'DEU', 'alpha2code': 'DE'}",74,Ermedin,,Demirovi\u0107,696,1998-03-25,184,"{'code2': 'FW', 'code3': 'FWD', 'name': 'Forward'}","{'name': 'Bosnia-Herzegovina', 'id': '70', 'alpha3code': 'BIH', 'alpha2code': 'BA'}",352328,right,E. Demirovi\u0107,10007,Ermedin Demirović,Ermedin Demirović,Ermedin Demirović,ba BIH,FW,Alavés,19,1998,2.0,16,29,55.2,183,21,14,20,70.0,0,2,0.0,1,3,33.3,1,0.0,0.0,1.0,1,1,0,0,1,1,0.0,0,1,0,0,1,1,5,0,5,0,1,2,0,Matches,29,29,0,0,0,1,0,0,0,0,0,0,16,0,1,0,0,0,5,3,2,0,0,1,0,0,0,2,4,10,28.6,Spain
"{'name': 'Portugal', 'id': '620', 'alpha3code': 'PRT', 'alpha2code': 'PT'}",70,Kevin,,Gameiro,679,1987-05-09,172,"{'code2': 'FW', 'code3': 'FWD', 'name': 'Forward'}","{'name': 'France', 'id': '250', 'alpha3code': 'FRA', 'alpha2code': 'FR'}",25445,right,K. Gameiro,null,Kevin Gameiro,Kévin Gameiro,Kévin Gameiro,fr FRA,FW,Atlético Madrid,30,1987,12.5,182,234,77.8,2193,336,119,146,81.5,42,54,77.8,4,5,80.0,2,1.5,1.0,0.5,9,6,6,0,16,11,10.0,3,4,4,1,10,9,6,0,6,4,15,11,0,Matches,234,221,13,0,0,0,2,2,0,0,0,0,182,0,8,0,0,0,9,9,12,2,4,9,0,0,0,30,9,28,24.3,Spain
"{'name': 'Italy', 'id': '380', 'alpha3code': 'ITA', 'alpha2code': 'IT'}",69,S\u00e9bastien,,Corchia,680,1990-11-01,176,"{'code2': 'DF', 'code3': 'DEF', 'name': 'Defender'}","{'name': 'France', 'id': '250', 'alpha3code': 'FRA', 'alpha2code': 'FR'}",25452,right,S. Corchia,null,Sébastien Corchia,Sébastien Corchia,Sébastien Corchia,fr FRA,DF,Sevilla,26,1990,9.1,305,397,76.8,4441,1789,191,212,90.1,91,134,67.9,15,36,41.7,1,0.5,0.6,0.5,5,18,6,5,25,18,56.3,7,8,3,9,16,7,18,4,14,16,34,20,0,Matches,397,315,81,6,0,2,23,75,0,0,0,0,305,1,6,4,0,0,20,22,3,23,16,13,0,1,0,32,11,3,78.6,Spain
"{'name': 'Algeria', 'id': '12', 'alpha3code': 'DZA', 'alpha2code': 'DZ'}",74,Ryad,,Boudebouz,684,1990-02-19,177,"{'code2': 'MD', 'code3': 'MID', 'name': 'Midfielder'}","{'name': 'France', 'id': '250', 'alpha3code': 'FRA', 'alpha2code': 'FR'}",25461,left,R. Boudebouz,16009,Ryad Boudebouz,Ryad Boudebouz,Ryad Boudebouz,dz ALG,"MF,FW",Betis,27,1990,15.1,661,862,76.7,10048,2252,373,437,85.4,199,258,77.1,54,104,51.9,3,2.5,2.6,0.5,26,55,12,1,75,32,23.1,6,21,5,6,26,20,18,1,17,7,39,8,0,Matches,862,799,61,29,4,13,52,5,23,15,6,0,661,2,18,2,0,0,21,17,1,52,7,18,0,0,0,65,6,22,21.4,Spain
"{'name': 'Martinique', 'id': '474', 'alpha3code': 'MTQ', 'alpha2code': 'MQ'}",80,Lo\u00efc,,R\u00e9my,698,1987-01-02,185,"{'code2': 'FW', 'code3': 'FWD', 'name': 'Forward'}","{'name': 'France', 'id': '250', 'alpha3code': 'FRA', 'alpha2code': 'FR'}",25577,right,L. R\u00e9my,null,Loïc Rémy,Loïc Rémy,Loïc Rémy,fr FRA,"FW,MF",Getafe,30,1987,5.1,85,124,68.5,1227,156,53,69,76.8,23,34,67.6,6,10,60.0,0,0.0,0.2,0.0,0,2,3,1,6,4,20.0,1,3,0,1,5,4,4,0,4,1,5,2,0,Matches,124,121,3,0,0,1,5,1,0,0,0,0,85,0,3,3,1,1,14,12,9,5,1,2,2,0,0,11,21,19,52.5,Spain
"{'name': 'Martinique', 'id': '474', 'alpha3code': 'MTQ', 'alpha2code': 'MQ'}",80,Lo\u00efc,,R\u00e9my,698,1987-01-02,185,"{'code2': 'FW', 'code3': 'FWD', 'name': 'Forward'}","{'name': 'France', 'id': '250', 'alpha3code': 'FRA', 'alpha2code': 'FR'}",25577,right,L. R\u00e9my,null,Loïc Rémy,Loïc Rémy,Loïc Rémy,fr FRA,FW,Las Palmas,30,1987,8.5,189,243,77.8,2863,607,109,133,82.0,52,67,77.6,18,27,66.7,0,0.2,0.3,-0.2,5,7,3,1,14,4,0.0,1,3,0,0,1,1,0,0,0,1,5,2,0,Matches,243,238,4,0,1,5,7,4,0,0,0,0,189,1,3,1,0,0,8,7,3,7,1,3,0,0,0,22,5,4,55.6,Spain
"{'name': 'Central African Republic', 'id': '140', 'alpha3code': 'CAF', 'alpha2code': 'CF'}",80,Geoffrey,,Kondogbia,674,1993-02-15,188,"{'code2': 'MD', 'code3': 'MID', 'name': 'Midfielder'}","{'name': 'France', 'id': '250', 'alpha3code': 'FRA', 'alpha2code': 'FR'}",25623,left,G. Kondogbia,null,Geoffrey Kondogbia,Geoffrey Kondogbia,Geoffrey Kondogbia,cf CTA,MF,Valencia,24,1993,29.0,1355,1559,86.9,24809,6908,589,653,90.2,567,630,90.0,173,222,77.9,4,2.7,1.5,1.3,22,158,15,0,182,88,33.8,38,43,7,23,68,45,46,14,32,62,150,66,0,Matches,1559,1513,39,37,4,36,3,1,0,0,0,0,1355,7,15,12,1,1,57,53,1,3,62,57,0,1,0,231,41,35,53.9,Spain
"{'name': 'France', 'id': '250', 'alpha3code': 'FRA', 'alpha2code': 'FR'}",74,Lucas,,Digne,676,1993-07-20,178,"{'code2': 'DF', 'code3': 'DEF', 'name': 'Defender'}","{'name': 'France', 'id': '250', 'alpha3code': 'FRA', 'alpha2code': 'FR'}",25701,left,L. Digne,null,Lucas Digne,Lucas Digne,Lucas Digne,fr FRA,DF,Barcelona,24,1993,7.8,489,564,86.7,7217,2095,281,311,90.4,163,180,90.6,33,44,75.0,2,1.8,1.7,0.2,6,25,5,2,36,22,66.7,13,6,3,8,12,4,15,3,12,12,34,18,0,Matches,564,486,78,9,0,3,15,69,0,0,0,0,489,0,12,2,0,0,12,7,2,15,12,17,0,1,0,58,9,7,56.3,Spain
"{'name': 'Argentina', 'id': '32', 'alpha3code': 'ARG', 'alpha2code': 'AR'}",85,Axel,,Werner,679,1996-02-28,192,"{'code2': 'GK', 'code3': 'GKP', 'name': 'Goalkeeper'}","{'name': 'Argentina', 'id': '32', 'alpha3code': 'ARG', 'alpha2code': 'AR'}",222324,right,A. Werner,null,Axel Werner,Axel Werner,Axel Werner,ar ARG,GK,Atlético Madrid,21,1996,1.0,5,17,29.4,223,205,0,0,,1,1,100.0,4,16,25.0,0,0.0,0.0,0.0,0,0,0,0,0,0,,0,0,0,0,0,0,0,0,0,0,0,1,0,Matches,17,10,7,0,0,0,0,0,0,0,0,0,5,0,0,0,0,0,0,0,0,0,0,0,0,0,0,0,0,0,,Spain
"{'name': 'Tunisia', 'id': '788', 'alpha3code': 'TUN', 'alpha2code': 'TN'}",68,Wissam,,Ben Yedder,680,1990-08-12,170,"{'code2': 'FW', 'code3': 'FWD', 'name': 'Forward'}","{'name': 'France', 'id': '250', 'alpha3code': 'FRA', 'alpha2code': 'FR'}",25795,right,W. Ben Yedder,null,Wissam Ben Yedder,Wissam Ben Yedder,Wissam Ben Yedder,fr FRA,FW,Sevilla,26,1990,18.9,371,481,77.1,4592,831,242,283,85.5,93,126,73.8,11,22,50.0,3,2.1,2.8,0.9,28,18,16,0,53,12,50.0,2,5,5,1,2,1,10,0,10,5,17,2,0,Matches,481,440,39,0,2,0,8,0,0,0,0,0,371,2,10,2,1,1,17,20,21,8,5,8,0,0,0,60,15,58,20.5,Spain
"{'name': 'Morocco', 'id': '504', 'alpha3code': 'MAR', 'alpha2code': 'MA'}",72,Fay\u00e7al,,Fajr,3783,1988-08-01,178,"{'code2': 'MD', 'code3': 'MID', 'name': 'Midfielder'}","{'name': 'France', 'id': '250', 'alpha3code': 'FRA', 'alpha2code': 'FR'}",25888,right,F. Fajr,16216,Fayçal Fajr,Fayçal Fajr,Fayçal Fajr,ma MAR,"MF,FW",Getafe,28,1988,26.5,738,1068,69.1,16475,4556,275,343,80.2,234,324,72.2,200,327,61.2,4,2.9,2.6,1.1,34,74,25,15,89,62,25.8,22,34,6,17,66,49,26,4,22,30,92,42,0,Matches,1068,907,150,84,3,61,121,3,55,15,20,1,738,11,22,7,0,0,46,37,1,121,30,45,0,0,0,178,22,27,44.9,Spain
"{'name': 'France', 'id': '250', 'alpha3code': 'FRA', 'alpha2code': 'FR'}",75,Cheick,,Doukour\u00e9,695,1992-09-11,180,"{'code2': 'MD', 'code3': 'MID', 'name': 'Midfielder'}","{'name': ""C\\u00f4te d'Ivoire"", 'id': '384', 'alpha3code': 'CIV', 'alpha2code': 'CI'}",26032,right,C. Doukour\u00e9,null,Cheick Doukouré,Cheick Doukouré,Cheick Doukouré,ci CIV,MF,Levante,24,1992,11.4,261,320,81.6,4171,1119,139,166,83.7,92,107,86.0,23,28,82.1,0,0.3,0.1,-0.3,4,24,1,0,31,34,27.3,18,15,1,6,22,16,15,4,11,14,48,4,0,Matches,320,317,2,1,1,0,4,1,0,0,0,0,261,1,9,4,0,0,34,10,0,4,14,19,0,0,0,71,15,20,42.9,Spain
"{'name': 'France', 'id': '250', 'alpha3code': 'FRA', 'alpha2code': 'FR'}",66,Claudio,,Beauvue,712,1988-04-16,174,"{'code2': 'FW', 'code3': 'FWD', 'name': 'Forward'}","{'name': 'Guadeloupe', 'id': '312', 'alpha3code': 'GLP', 'alpha2code': 'GP'}",26167,right,C. Beauvue,null,Claudio Beauvue,Claudio Beauvue,Claudio Beauvue,gp GLP,FW,Leganés,29,1988,18.6,208,321,64.8,2650,449,125,172,72.7,55,84,65.5,7,22,31.8,0,1.3,0.7,-1.3,9,15,5,0,22,5,8.3,2,2,1,1,12,11,7,0,7,2,7,16,0,Matches,321,279,37,1,2,1,11,3,0,0,0,0,208,5,10,4,0,0,30,27,17,11,2,3,0,0,0,31,67,108,38.3,Spain
"{'name': 'Algeria', 'id': '12', 'alpha3code': 'DZA', 'alpha2code': 'DZ'}",78,A\u00efssa,,Mandi,684,1991-10-22,184,"{'code2': 'DF', 'code3': 'DEF', 'name': 'Defender'}","{'name': 'France', 'id': '250', 'alpha3code': 'FRA', 'alpha2code': 'FR'}",26307,right,A. Mandi,16009,Aïssa Mandi,Aïssa Mandi,Aïssa Mandi,dz ALG,DF,Betis,25,1991,33.6,1965,2146,91.6,35804,13638,827,876,94.4,943,1010,93.4,182,227,80.2,0,0.2,0.5,-0.2,4,146,2,0,129,54,55.9,27,25,2,19,34,15,39,24,15,71,125,133,3,Matches,2146,2042,99,86,1,25,1,13,0,0,0,0,1965,5,7,9,1,0,34,26,1,1,71,35,0,1,0,135,59,44,57.3,Spain
"{'name': 'France', 'id': '250', 'alpha3code': 'FRA', 'alpha2code': 'FR'}",82,Paul,,Baysse,3772,1988-05-18,185,"{'code2': 'DF', 'code3': 'DEF', 'name': 'Defender'}","{'name': 'France', 'id': '250', 'alpha3code': 'FRA', 'alpha2code': 'FR'}",26332,right,P. Baysse,null,Paul Baysse,Paul Baysse,Paul Baysse,fr FRA,DF,Málaga,29,1988,13.8,448,549,81.6,9290,3165,141,159,88.7,238,273,87.2,66,110,60.0,0,0.0,0.0,0.0,0,13,0,0,25,25,58.8,21,3,1,10,17,7,10,6,4,20,45,84,0,Matches,549,517,32,30,0,7,0,2,0,0,0,0,448,0,1,1,0,0,20,7,3,0,20,16,0,0,0,56,34,22,60.7,Spain
"{'name': 'Denmark', 'id': '208', 'alpha3code': 'DNK', 'alpha2code': 'DK'}",74,Daniel,,Wass,692,1989-05-31,181,"{'code2': 'MD', 'code3': 'MID', 'name': 'Midfielder'}","{'name': 'Denmark', 'id': '208', 'alpha3code': 'DNK', 'alpha2code': 'DK'}",26652,right,D. Wass,null,Daniel Wass,Daniel Wass,Daniel Wass,dk DEN,"MF,DF",Celta Vigo,28,1989,32.6,1257,1676,75.0,19875,6057,690,801,86.1,425,547,77.7,94,216,43.5,8,6.4,4.8,1.6,54,118,46,19,139,30,32.0,8,18,4,8,25,17,23,3,20,30,60,47,0,Matches,1676,1485,181,74,3,15,147,34,73,24,22,1,1257,10,37,3,0,0,26,53,11,147,30,21,0,0,0,164,46,50,47.9,Spain
"{'name': 'Greece', 'id': '300', 'alpha3code': 'GRC', 'alpha2code': 'GR'}",83,Dimitrios,,Siovas,712,1988-09-16,192,"{'code2': 'DF', 'code3': 'DEF', 'name': 'Defender'}","{'name': 'Greece', 'id': '300', 'alpha3code': 'GRC', 'alpha2code': 'GR'}",93003,left,D. Siovas,null,Dimitrios Siovas,Dimitris Siovas,Dimitris Siovas,gr GRE,DF,Leganés,28,1988,22.9,547,744,73.5,10832,3917,188,228,82.5,275,340,80.9,76,153,49.7,1,0.7,0.1,0.3,2,21,1,0,44,48,63.0,43,5,0,29,46,17,27,12,15,62,110,89,0,Matches,744,704,35,27,0,4,2,8,0,0,0,0,547,5,5,9,1,1,28,15,2,2,62,33,0,0,0,169,62,27,69.7,Spain
"{'name': 'Japan', 'id': '392', 'alpha3code': 'JPN', 'alpha2code': 'JP'}",62,Gaku,,Shibasaki,698,1992-05-25,175,"{'code2': 'MD', 'code3': 'MID', 'name': 'Midfielder'}","{'name': 'Japan', 'id': '392', 'alpha3code': 'JPN', 'alpha2code': 'JP'}",94828,right,G. Shibasaki,12913,Gaku Shibasaki,Gaku Shibasaki,Gaku Shibasaki,jp JPN,"MF,FW",Getafe,25,1992,11.1,256,357,71.7,4278,976,121,155,78.1,91,120,75.8,26,50,52.0,0,0.9,1.0,-0.9,9,24,4,4,28,21,28.6,8,10,3,6,21,15,6,1,5,19,40,9,0,Matches,357,323,33,11,4,6,26,2,15,3,4,0,256,1,8,2,0,0,27,13,5,26,19,10,0,0,0,58,6,30,16.7,Spain
"{'name': 'Serbia', 'id': '688', 'alpha3code': 'SRB', 'alpha2code': 'RS'}",72,Darko,,Bra\u0161anac,712,1992-02-12,178,"{'code2': 'MD', 'code3': 'MID', 'name': 'Midfielder'}","{'name': 'Serbia', 'id': '688', 'alpha3code': 'SRB', 'alpha2code': 'RS'}",127928,right,D. Bra\u0161anac,null,Darko Brašanac,Darko Brašanac,Darko Brašanac,rs SRB,"MF,FW",Leganés,25,1992,13.4,331,419,79.0,4891,1437,201,225,89.3,98,126,77.8,21,38,55.3,0,1.0,0.5,-1.0,17,28,4,1,34,32,39.4,11,17,4,13,33,20,14,3,11,14,46,12,0,Matches,419,402,13,9,1,3,10,2,2,0,2,0,331,4,11,3,0,0,19,20,3,10,14,17,0,0,0,87,19,20,48.7,Spain
"{'name': 'Spain', 'id': '724', 'alpha3code': 'ESP', 'alpha2code': 'ES'}",0,Alejandro Guti\u00e9rrez,,Mozo,,1995-04-22,0,"{'code2': 'MD', 'code3': 'MID', 'name': 'Midfielder'}","{'name': 'Spain', 'id': '724', 'alpha3code': 'ESP', 'alpha2code': 'ES'}",488750,,Mozo,null,Alejandro Gutiérrez Mozo,Alejandro Gutiérrez Mozo,Alejandro Gutiérrez Mozo,es ESP,MF,Leganés,22,1995,0.5,14,18,77.8,259,46,5,7,71.4,8,9,88.9,1,1,100.0,0,0.0,0.0,0.0,0,0,0,0,2,3,25.0,1,2,0,1,4,3,0,0,0,0,3,0,0,Matches,18,17,1,1,0,0,0,0,0,0,0,0,14,0,0,0,0,0,2,1,0,0,0,2,0,0,0,5,1,0,100.0,Spain
"{'name': 'Nigeria', 'id': '566', 'alpha3code': 'NGA', 'alpha2code': 'NG'}",70,Oghenekaro,,Etebo,1639,1995-11-09,176,"{'code2': 'FW', 'code3': 'FWD', 'name': 'Forward'}","{'name': 'Nigeria', 'id': '566', 'alpha3code': 'NGA', 'alpha2code': 'NG'}",424624,right,O. Etebo,16823,Oghenekaro Etebo,Oghenekaro Etebo,Oghenekaro Etebo,ng NGA,MF,Las Palmas,21,1995,13.5,540,639,84.5,9926,2389,226,255,88.6,231,254,90.9,67,94,71.3,1,0.4,0.4,0.6,7,52,7,1,62,24,46.2,9,12,3,12,26,14,17,3,14,27,51,10,0,Matches,639,612,22,18,2,13,4,2,2,1,0,0,540,5,6,3,0,0,21,46,1,4,27,17,0,0,0,90,11,14,44.0,Spain
"{'name': 'Kosovo', 'id': '0', 'alpha3code': 'XKS', 'alpha2code': ''}",75,Adnan,,Januzaj,687,1995-02-05,182,"{'code2': 'MD', 'code3': 'MID', 'name': 'Midfielder'}","{'name': 'Belgium', 'id': '56', 'alpha3code': 'BEL', 'alpha2code': 'BE'}",261127,left,A. Januzaj,5629,Adnan Januzaj,Adnan Januzaj,Adnan Januzaj,be BEL,FW,Real Sociedad,22,1995,17.5,407,552,73.7,6423,2055,237,263,90.1,113,144,78.5,35,84,41.7,5,5.5,3.6,-0.5,35,38,23,4,68,16,27.8,2,8,6,5,18,13,12,0,12,11,27,5,0,Matches,552,485,58,13,2,10,59,11,34,12,18,0,407,9,20,4,0,0,32,60,6,59,11,11,0,0,0,74,5,14,26.3,Spain
"{'name': 'Italy', 'id': '380', 'alpha3code': 'ITA', 'alpha2code': 'IT'}",70,Jonathan,,Calleri,714,1993-09-23,173,"{'code2': 'FW', 'code3': 'FWD', 'name': 'Forward'}","{'name': 'Argentina', 'id': '32', 'alpha3code': 'ARG', 'alpha2code': 'AR'}",228902,right,J. Calleri,null,Jonathan Calleri,Jonathan Calleri,Jonathan Calleri,ar ARG,FW,Las Palmas,23,1993,34.5,464,748,62.0,6581,1358,259,371,69.8,127,207,61.4,31,73,42.5,3,2.8,2.7,0.2,27,32,15,1,64,24,17.4,5,10,9,4,23,19,15,2,13,7,31,35,0,Matches,748,644,98,3,1,12,30,2,0,0,0,0,464,6,21,7,0,0,73,75,39,30,7,16,1,1,0,84,105,132,44.3,Spain
"{'name': 'Turkey', 'id': '792', 'alpha3code': 'TUR', 'alpha2code': 'TR'}",65,Emre,,\u00c7olak,677,1991-05-20,169,"{'code2': 'MD', 'code3': 'MID', 'name': 'Midfielder'}","{'name': 'Turkey', 'id': '792', 'alpha3code': 'TUR', 'alpha2code': 'TR'}",32652,left,E. \u00c7olak,null,Emre Çolak,Emre Çolak,Emre Çolak,tr TUR,MF,La Coruña,26,1991,16.1,683,881,77.5,11741,3873,357,407,87.7,209,256,81.6,91,160,56.9,1,4.0,4.1,-3.0,38,109,33,6,144,24,25.0,4,14,6,7,28,21,7,1,6,7,31,5,1,Matches,881,805,69,24,9,20,70,12,30,15,11,0,683,7,20,4,0,0,20,24,2,70,7,19,0,0,0,110,1,16,5.9,Spain
"{'name': 'Spain', 'id': 724, 'alpha3code': 'ESP', 'alpha2code': 'ES'}",86,Aymeric ,,Laporte,1625,1994-05-27,191,"{'code2': 'DF', 'code3': 'DEF', 'name': 'Defender'}","{'name': 'France', 'id': 250, 'alpha3code': 'FRA', 'alpha2code': 'FR'}",134502,left,A. Laporte,null,Aymeric  Laporte,Aymeric Laporte,Aymeric Laporte,es ESP,DF,Athletic Club,23,1994,19.0,822,990,83.0,19242,6784,220,246,89.4,404,451,89.6,195,275,70.9,1,0.9,0.9,0.1,8,67,10,3,74,38,56.0,27,11,0,14,25,11,19,13,6,27,65,94,1,Matches,990,940,46,41,1,23,9,5,0,0,0,0,822,4,6,5,0,0,19,18,2,9,27,23,1,0,1,97,47,20,70.1,Spain
"{'name': 'Serbia', 'id': 688, 'alpha3code': 'SRB', 'alpha2code': 'RS'}",70,Aleksandar,,Katai,7848,1991-02-06,179,"{'code2': 'MD', 'code3': 'MID', 'name': 'Midfielder'}","{'name': 'Serbia', 'id': 688, 'alpha3code': 'SRB', 'alpha2code': 'RS'}",127719,right,A. Katai,null,Aleksandar Katai,Aleksandar Katai,Aleksandar Katai,rs SRB,"MF,DF",Alavés,26,1991,0.6,8,10,80.0,96,42,2,2,100.0,4,5,80.0,0,0,,0,0.0,0.0,0.0,0,2,0,0,2,1,0.0,0,1,0,0,1,1,0,0,0,0,1,0,0,Matches,10,9,0,0,0,0,0,0,0,0,0,0,8,1,0,0,0,0,2,1,1,0,0,1,0,0,0,3,0,1,0.0,Spain
"{'name': 'Congo DR', 'id': 180, 'alpha3code': 'COD', 'alpha2code': 'CD'}",74,C\u00e9dric,,Bakambu,9130,1991-04-11,182,"{'code2': 'FW', 'code3': 'FWD', 'name': 'Forward'}","{'name': 'France', 'id': 250, 'alpha3code': 'FRA', 'alpha2code': 'FR'}",25472,right,C. Bakambu,null,Cédric Bakambu,Cédric Bakambu,Cédric Bakambu,cd COD,FW,Villarreal,26,1991,14.0,209,293,71.3,2837,684,125,152,82.2,54,84,64.3,11,17,64.7,0,1.6,0.6,-1.6,15,19,5,1,21,10,14.3,3,6,1,1,7,6,9,1,8,3,13,27,0,Matches,293,274,17,1,1,3,12,0,0,0,0,0,209,2,9,5,0,0,40,19,11,12,3,7,0,0,0,38,17,41,29.3,Spain
"{'name': 'Denmark', 'id': 208, 'alpha3code': 'DNK', 'alpha2code': 'DK'}",72,Andrew,,Hjulsager,692,1995-01-15,175,"{'code2': 'MD', 'code3': 'MID', 'name': 'Midfielder'}","{'name': 'Denmark', 'id': 208, 'alpha3code': 'DNK', 'alpha2code': 'DK'}",135113,right,A. Hjulsager,null,Andrew Hjulsager,Andrew Hjulsager,Andrew Hjulsager,dk DEN,"DF,MF",Celta Vigo,22,1995,0.2,5,8,62.5,95,13,0,0,,5,7,71.4,0,1,0.0,0,0.0,0.0,0.0,0,0,0,0,0,0,0.0,0,0,0,0,2,2,1,0,1,0,0,0,0,Matches,8,7,1,0,0,0,1,1,0,0,0,0,5,0,0,0,0,0,0,0,0,1,0,0,0,0,0,1,0,0,,Spain
"{'name': 'Italy', 'id': 380, 'alpha3code': 'ITA', 'alpha2code': 'IT'}",77,Emanuel,,Cecchini,12056,1996-12-24,180,"{'code2': 'MD', 'code3': 'MID', 'name': 'Midfielder'}","{'name': 'Argentina', 'id': 32, 'alpha3code': 'ARG', 'alpha2code': 'AR'}",266312,right,E. Cecchini,null,Emanuel Cecchini,Emanuel Cecchini,Emanuel Cecchini,ar ARG,"MF,DF",Málaga,20,1996,0.3,13,16,81.3,183,52,11,11,100.0,0,0,,2,2,100.0,0,0.0,0.0,0.0,0,3,0,0,3,3,66.7,2,1,0,2,3,1,0,0,0,2,5,2,0,Matches,16,16,0,0,0,0,0,0,0,0,0,0,13,0,2,2,0,0,2,0,0,0,2,1,0,0,0,2,0,1,0.0,Spain
"{'name': 'Senegal', 'id': 686, 'alpha3code': 'SEN', 'alpha2code': 'SN'}",61,Arona,,San\u00e9,9492,1995-06-21,173,"{'code2': 'MD', 'code3': 'MID', 'name': 'Midfielder'}","{'name': 'Senegal', 'id': 686, 'alpha3code': 'SEN', 'alpha2code': 'SN'}",279556,right,A. San\u00e9,null,Arona Sané,Arona Sané,Arona Sané,sn SEN,"MF,FW",Atlético Madrid,22,1995,0.7,10,15,66.7,129,0,6,9,66.7,3,5,60.0,0,0,,0,0.0,0.0,0.0,0,1,0,0,2,1,,1,0,0,0,0,0,1,0,1,0,1,0,0,Matches,15,15,0,0,0,0,0,0,0,0,0,0,10,0,0,0,0,0,1,1,0,0,0,0,0,0,0,0,2,1,66.7,Spain
"{'name': 'Spain', 'id': 724, 'alpha3code': 'ESP', 'alpha2code': 'ES'}",72,Daniel,,Molina Orta,718,1996-03-14,183,"{'code2': 'MD', 'code3': 'MID', 'name': 'Midfielder'}","{'name': 'Spain', 'id': 724, 'alpha3code': 'ESP', 'alpha2code': 'ES'}",293856,left,Dani Molina,null,Daniel Molina Orta,Daniel Molina Orta,Daniel Molina Orta,es ESP,MF,Celta Vigo,21,1996,0.1,2,3,66.7,44,17,0,0,,2,3,66.7,0,0,,0,0.0,0.0,0.0,0,1,0,0,1,0,,0,0,0,0,0,0,0,0,0,0,0,0,0,Matches,3,3,0,0,0,0,0,0,0,0,0,0,2,0,0,0,0,0,0,0,0,0,0,0,0,0,0,1,0,0,,Spain
"{'name': 'Mauritania', 'id': 478, 'alpha3code': 'MRT', 'alpha2code': 'MR'}",79,Aly,,Abeid,741,1997-12-11,174,"{'code2': 'DF', 'code3': 'DEF', 'name': 'Defender'}","{'name': 'Saudi Arabia', 'id': 682, 'alpha3code': 'SAU', 'alpha2code': 'SA'}",376565,left,A. Abeid,18224,Aly Abeid,Aly Abeid,Aly Abeid,mr MTN,DF,Levante,19,1997,0.9,29,38,76.3,474,167,17,19,89.5,10,12,83.3,2,5,40.0,0,0.1,0.1,-0.1,1,0,1,1,1,2,0.0,1,1,0,0,1,1,1,0,1,3,5,3,0,Matches,38,30,8,0,0,0,2,8,0,0,0,0,29,0,2,0,0,0,1,0,0,2,3,1,0,0,0,5,1,2,33.3,Spain
"{'name': 'Spain', 'id': 724, 'alpha3code': 'ESP', 'alpha2code': 'ES'}",60,Jos\u00e9,,Alonso Lara,771,2000-03-07,167,"{'code2': 'MD', 'code3': 'MID', 'name': 'Midfielder'}","{'name': 'Spain', 'id': 724, 'alpha3code': 'ESP', 'alpha2code': 'ES'}",472489,right,Lara,null,José Alonso Lara,José Alonso Lara,José Alonso Lara,es ESP,MF,Sevilla,17,2000,0.1,3,4,75.0,41,12,2,2,100.0,1,1,100.0,0,1,0.0,0,0.0,0.0,0.0,0,1,0,0,0,0,,0,0,0,0,0,0,0,0,0,0,0,0,0,Matches,4,4,0,0,0,0,0,0,0,0,0,0,3,0,0,0,0,0,0,0,0,0,0,0,0,0,0,0,0,0,,Spain
